entid,ANCHEYEAR,INV,TRANSAMPR,TRANSAMAFT,ALTDATE
959830672,2014,37,0.1621847189073845,101.96914949985728,2014-11-03
959830672,2014,294,100.90541056173186,-0.6400968998809454,2014-12-03
658987796,2014,357,59.8725289380137,0.5860562701354783,2014-12-06
658987796,2014,316,-0.0753771985800965,-0.6649071628493524,2014-06-25
658987796,2014,290,0.4193838555125942,9.575938328164709,2014-12-06
658987796,2014,105,8.005456979390528,0.3520697902167155,2014-11-06
658987796,2014,84,33.86319399041101,91.9599623802061,2014-04-06
658987796,2014,84,91.45295729910306,98.45986543377256,2014-07-25
658987796,2016,19,-0.6252127791278881,0.3591895425010601,2016-11-12
658987796,2016,316,1.809926604734335,0.5808996119370029,2016-08-12
805505073,2013,42,0.9989004602312608,13.47454240633648,2014-12-27
805505073,2013,41,1.1466967905906509,13.436878873394695,2014-02-27
805505073,2013,40,33.847331186901464,48.03056572553497,2014-07-27
805505073,2013,45,25.89267327781412,25.19793149520069,2014-03-27
805505073,2013,10,37.53273564073336,-0.5890513500994768,2014-03-27
606816694,2015,43,-2.2213821980109074,80.2713639733042,2015-02-26
606816694,2015,121,79.3868647125365,1.188596603621748,2015-12-26
606816694,2017,43,0.7977226187300632,79.09641709641069,2015-10-04
606816694,2017,104,1.246883833554614,19.108035908850862,2017-12-16
606816694,2017,135,9.847912981215172,-1.0781561594239462,2017-02-16
606816694,2017,33,9.731352635642136,-1.2910691514710633,2017-09-16
606816694,2017,121,78.65533595046321,1.3972743331745934,2015-07-04
606816694,2018,43,77.63701536379544,0.3860945670925399,2018-06-16
606816694,2018,104,20.91055637112452,100.89585717204815,2018-12-16
606816694,2017,43,-0.1932053186993164,80.12239986222609,2015-11-03
606816694,2017,104,-0.3525696152147114,18.843436985389157,2017-09-15
606816694,2017,121,78.91989847344962,-0.8281066105006022,2015-11-03
606816694,2017,135,10.529749210916064,0.3047170933152093,2017-01-15
606816694,2017,33,11.121712630071292,-1.0038355703626345,2017-08-15
982196289,2016,346,25.20512740595553,0.0142907851143658,2016-10-20
982196289,2016,253,25.608345549970103,0.5594908924733449,2016-02-20
982196289,2016,216,23.984386872684084,1.6665704694294086,2016-05-20
982196289,2016,171,25.377145538523266,99.77079491754968,2016-01-20
1001226199,2015,256,100.19295430204212,-0.3080823506148412,2015-02-03
1001226199,2015,34,-0.2266725889550009,100.3960971687508,2015-07-03
640968401,2017,305,97.81270972904784,98.63549996627007,2017-11-29
640968401,2018,305,102.4385748209676,2.6786213214895955,2018-06-25
640968401,2018,79,1.110894540818694,98.90717780589736,2018-10-25
21702078,2016,143,28.746614371070727,-1.477088170206384,2016-04-27
21702078,2016,182,40.42607085308482,1.3089693734878751,2016-02-27
21702078,2016,148,-0.4737835411008453,97.59447916762058,2016-09-27
21702078,2016,112,0.8629015706924303,-0.6121161956897976,2016-04-27
21702078,2016,142,30.168264459538914,0.8175717449620646,2016-06-27
21702078,2015,143,31.339349595181805,,2017-07-27
198645614,2014,61,2.261429659231532,0.9831325245723138,2014-02-17
198645614,2016,61,0.5656361725824433,1.6938348838560795,2014-11-03
507043244,2017,0,-1.4282709444688737,1.1932962706360637,2018-01-16
766344392,2014,51,66.54621587323517,66.37591239973318,2014-07-28
766344392,2014,67,32.50047612239056,33.299508336581226,2014-04-28
485154649,2017,24,40.90958142005773,46.40891144765316,2017-09-02
485154649,2018,24,45.54288795731132,58.103216241244105,2018-10-03
122404006,2016,15,14.803824987249389,-0.8471690142971733,2016-10-12
122404006,2016,139,16.26302220876865,0.9651705415290992,2016-03-12
122404006,2016,178,21.84654832839389,26.31624053246832,2016-11-12
122404006,2016,197,51.80178118880881,70.69123413037136,2016-12-12
644394656,2016,356,31.352785018823937,0.8054397279728533,2016-07-06
644394656,2016,349,52.230935496018986,100.12472089188203,2016-02-06
644394656,2016,318,20.082967965053328,-1.032018926903954,2016-08-06
618578351,2015,59,79.50668856953493,20.265123088695333,2015-07-30
618578351,2015,285,2.813489092273429,60.05598003302056,2015-02-28
618578351,2015,269,19.85475308841585,10.182697505147225,2015-07-12
618578351,2015,73,1.1599237002763283,12.8705237031069,2015-10-12
322394797,2015,57,-1.4010768012535986,57.39594297466265,2015-05-06
322394797,2015,321,45.22381056847696,33.07740010606364,2015-04-06
322394797,2015,183,44.72438295133477,-0.9890765385343696,2015-02-06
1115273959,2014,236,60.09323548696191,1.341423602178126,2014-10-05
1115273959,2014,336,-0.1768465873501468,44.02085529050278,2014-02-05
1115273959,2014,2,0.1994059833470289,14.919386898087732,2014-10-05
856331759,2016,108,-0.3660162350502069,16.62081410058964,2016-12-12
856331759,2016,138,-0.8476003330688767,15.02751384781782,2016-07-12
856331759,2016,155,-1.566631844226548,17.899910612102158,2016-09-12
856331759,2016,265,2.000838687659419,16.201867618200353,2016-11-12
856331759,2016,32,-1.1574465197607724,15.396361775751153,2016-10-12
620500307,2015,364,-0.6365270095557273,16.436374195996244,2016-02-20
620500307,2016,364,0.6898939891375795,64.59146976921251,2016-03-13
620500307,2016,191,26.349169493796875,-0.6821147116048948,2016-11-13
620500307,2016,337,40.70721023793857,1.064540649558856,2016-04-13
465287457,2016,18,60.15546148495983,-0.1564710103127218,2016-03-08
465287457,2016,3,-1.44234317232687,59.104580958916095,2016-11-08
451175570,2017,46,39.830696664678,0.4653984020414052,2017-06-22
451175570,2017,212,0.4771952331140077,40.03379123314559,2017-10-22
451175570,2017,202,25.216339246639823,0.1780738805594446,2017-03-22
451175570,2017,213,-0.2838229163751556,61.589794829352826,2017-05-22
451175570,2017,215,32.458968251470935,1.4477783185750783,2017-02-22
451175570,2018,213,60.48141690454527,101.40779574266806,2018-04-03
451175570,2018,212,38.837185357900346,0.0237736970758055,2018-08-03
346671211,2017,167,6.806677669297076,-0.8616114301745272,2017-12-14
346671211,2017,177,14.404754929926767,-0.3469665223269082,2017-07-14
346671211,2017,151,2.437713624507312,0.2347652012083216,2017-04-14
346671211,2017,207,27.032318095630703,50.67517218205298,2017-05-28
346671211,2017,207,0.0644820420569494,26.71680498053005,2017-01-14
346671211,2017,58,22.92639094687878,-0.0173608316724876,2017-09-28
268673627,2013,91,33.35878758598237,0.5503539411224022,2014-09-22
268673627,2017,91,1.6396322180093883,50.87853866532217,2017-04-19
268673627,2017,169,31.9099444735466,-0.9570057905265544,2017-09-19
268673627,2017,314,32.73129784299793,50.000118659597206,2017-07-19
268673627,2017,323,0.688086995740061,-1.5869621654894563,2017-11-19
268673627,2017,250,32.4610547760166,-0.5275203235967808,2017-06-19
268673627,2015,323,31.390149680561343,0.9495883043217132,2015-02-01
189837841,2018,299,71.14928012240222,91.09777736484376,2018-07-11
189837841,2018,203,30.52598287471935,7.332968423258696,2018-06-09
1136409037,2016,310,50.3426571271493,10.78147470120908,2016-10-07
1136409037,2016,245,-1.4680662314012496,50.15749571889348,2016-07-07
1136409037,2016,144,49.59242256543551,11.471725367614416,2016-07-07
1136409037,2016,141,-2.184648788663736,26.47369617732836,2016-01-07
401234206,2016,9,99.746593691781,96.87175168275964,2017-06-21
401234206,2016,242,-1.8273804339907072,5.964899385311763,2017-06-21
401234206,2016,339,99.86965169810036,0.3921857332789472,2016-12-17
401234206,2016,9,-1.4863792397786282,100.3742959345242,2016-08-17
222738122,2018,289,10.130499332826378,-0.916830458029774,2006-01-18
222738122,2018,156,45.57094141593488,54.44673877039065,2006-04-18
617917621,2017,26,10.59397528953664,5.631025065751614,2017-02-09
617917621,2017,89,10.807716149297582,4.570212758194861,2017-10-09
617917621,2018,89,10.125688908439267,3.973624126467121,2017-11-09
617917621,2018,25,9.732988605762568,4.301005697823469,2017-12-09
699829806,2015,70,89.27709415243851,0.27346245758265,2015-11-11
699829806,2015,185,-0.7434463152525,89.1949181417506,2015-03-11
699829806,2015,301,10.317057639378987,-0.7813816914344851,2015-06-11
699829806,2015,322,0.7173799691889581,10.290164896141592,2015-06-11
979812063,2015,2276,97.70941964985572,98.33104380303618,2014-03-16
545755580,2016,795,2.4864342848457173,16.562175027612742,2016-07-08
545755580,2016,2304,1.280068338088406,12.60871853595074,2016-12-07
545755580,2016,1774,-0.449860407218395,12.232426352518033,2016-09-30
545755580,2016,574,-2.103264216309683,14.40262990582739,2016-03-08
545755580,2016,2618,-1.5106755813962371,28.515407040636266,2016-09-08
545755580,2016,1277,2.1589838221377486,11.950514698556166,2016-11-08
801579375,2016,793,38.62682291456409,-0.0139882240957647,2016-12-11
801579375,2016,1838,-0.7715806796453379,39.58895028393816,2016-07-11
1184047865,2015,1037,9.646292000879953,-0.3829751861921371,2015-06-01
1184047865,2015,1384,90.05444534570373,24.28806834928908,2015-07-01
1184047865,2017,2259,26.24271122194892,15.663481615019077,2017-08-05
1184047865,2017,2118,-0.0175241483944023,5.713624025092653,2017-11-05
1184047865,2017,2641,23.846668247139416,17.430104100918335,2017-06-05
1184047865,2017,339,-0.1854642853095635,23.802000447396782,2017-10-05
1184047865,2017,1384,24.635659179859783,4.980260920144796,2017-01-05
1184047865,2017,1816,22.616041602912883,29.55093178620861,2017-02-05
1184047865,2018,2259,14.173176874321952,18.89026203782372,2018-06-27
1184047865,2018,2118,6.909231076786717,0.940947568497144,2018-02-27
1184047865,2018,2641,18.59765255353351,18.058306632393368,2018-11-27
1031941181,2014,2102,90.44134163161812,1.2860231193698772,2014-08-12
1031941181,2014,2097,9.160284896550568,-0.2873167337698067,2014-03-12
124575170,2016,10,18.989097057519743,-1.4604661084063582,2016-07-30
124575170,2016,1341,26.950003845389706,-0.3644399939942773,2016-12-30
124575170,2016,2687,-0.3633179284706477,99.61135907699747,2016-05-30
124575170,2016,2318,26.509087857799944,1.1017297366372123,2016-11-30
124575170,2016,461,25.263402781945857,1.2139014169321236,2016-01-30
63165459,2014,382,-0.6215373302967595,1.485433527117365,2014-05-15
63165459,2014,1698,101.01115994242214,-0.5273050850021557,2014-02-15
380934662,2016,1531,47.73971030631362,-0.1578323513940619,2016-03-09
380934662,2016,1685,51.863517363741856,10.46917782238903,2016-01-09
380934662,2016,195,0.8242135757988054,90.93682321310496,2016-02-09
1085982260,2016,2469,96.51529095332532,100.70526090113536,2016-10-07
11683944,2013,1880,0.1146762690670051,98.4894199399171,2013-10-28
13778114,2013,839,40.08810878150355,10.756014529429876,2013-10-04
789380757,2015,341,59.193669037197616,100.04960520364716,2015-07-06
555629327,2013,2052,-0.6062160743583845,-0.0852832267229391,2013-07-02
555629327,2013,668,20.62657444308809,-0.2825946072843207,2013-12-02
555629327,2013,2151,3.046042841997462,-1.9278078757066333,2013-04-18
555629327,2013,2728,6.356546997728925,-1.3973990328981143,2013-02-18
555629327,2013,350,-0.0284391017229744,1.6595726412879317,2013-11-02
555629327,2013,1544,-1.0324083769755,20.66219599499168,2013-04-02
555629327,2013,549,8.562322357794105,0.5285103393965693,2013-04-18
555629327,2013,327,49.0586551747778,66.411838739388,2013-08-02
555629327,2014,1544,21.10802933305658,-0.535439964195948,2014-09-24
555629327,2014,327,67.55047671339995,88.17692821212947,2014-07-24
555629327,2015,798,9.663483505683912,-0.8443145682061642,2015-07-04
555629327,2015,350,1.8133110815967963,88.82399457935466,2015-01-30
555629327,2015,837,-0.4274424795401291,11.186216739161676,2015-10-04
555629327,2015,327,88.03785798684532,0.9122719499032488,2015-03-30
155257697,2016,202,-0.0241287526403442,99.98139862211104,2016-10-16
155257697,2016,215,100.81774168589806,0.0385898634069087,2016-07-16
477014025,2016,336,0.9984934638838848,100.36966525471662,2016-02-14
936946450,2016,797,-0.6863937171910781,99.05990550375404,2016-07-19
936946450,2017,144,1.883384034939896,21.492598880446,2017-06-12
936946450,2017,447,1.1670241817318685,29.003899501113903,2017-09-12
936946450,2017,1261,-0.9585766302245716,48.85522687109896,2017-03-12
736207319,2014,812,0.452548864918918,9.32372128201728,2014-02-07
736207319,2014,254,99.58694437523002,89.38866992310462,2014-12-07
736207319,2018,812,9.129528989902251,-1.6903472270566042,2018-11-01
736207319,2018,1852,-0.5671094548924546,8.112237454772021,2018-07-01
569102406,2015,20,40.40875481631623,98.95933382140308,2015-09-13
569102406,2015,1519,59.70037508409638,1.1198337195995285,2015-10-13
164756503,2013,2119,100.2287336834038,1.26263812427288,2013-02-13
164756503,2013,2465,-0.0281608476963245,99.9036928403567,2013-08-13
552651300,2014,982,40.14558515123595,86.85144241134688,2013-05-02
552651300,2014,860,29.950609723280728,5.9823625040121,2013-06-02
552651300,2014,2013,30.17501321519496,6.956800425641584,2013-01-02
815878087,2015,679,90.4621339384142,-1.5772440386277735,2015-11-20
815878087,2015,2473,-0.0980336790409005,0.5336096914855952,2015-01-20
815878087,2015,2351,9.74629349670994,0.4678853544822574,2015-11-20
815878087,2015,592,0.6948241936553345,100.42355941049208,2015-04-20
961342330,2016,381,90.8175198202262,100.2751505404719,2016-05-31
702865981,2018,1917,9.462132726008148,0.6141414179170084,2018-12-18
702865981,2018,114,89.58854884828256,-0.6480657420512163,2018-08-18
702865981,2018,97,0.0218121279413865,100.10164955999788,2018-09-18
574628572,2018,638,0.5601819554513886,100.58520790978882,2018-02-16
574628572,2018,623,41.15920894725774,-0.3006011327067742,2018-04-16
574628572,2018,1393,59.86444279801948,-0.6924369129476708,2018-01-16
574628572,2018,638,-0.4105027344946736,98.67273518847112,2018-03-15
574628572,2018,623,39.09865566588991,-1.4023285664245668,2018-08-15
574628572,2018,1393,61.07414872346185,1.9248036845902945,2018-07-15
1086151159,2017,751,5.958697664207983,4.507900498401588,2017-12-04
1086151159,2017,1879,13.256558933665916,12.959484224764369,2017-01-04
1086151159,2017,1282,12.44970168195831,14.64201736991725,2017-11-04
1086151159,2018,594,15.052338810992486,-0.6254802488934699,2018-12-09
1086151159,2018,2275,19.97009088031888,0.0668204831251271,2018-04-09
1086151159,2018,751,5.632835951313661,-0.0982938287677092,2018-07-09
1086151159,2018,593,21.108321267171423,-0.7938267638020925,2018-01-09
1086151159,2018,2268,15.471030754174793,0.1736329198132902,2018-05-09
1086151159,2018,1282,12.659303382192066,-0.120428005031456,2018-03-09
1086151159,2018,1879,12.073587564881263,0.929909895619448,2018-11-09
1086151159,2018,2044,-0.5171970888071729,101.1520069084604,2018-02-09
1155247007,2016,1170,90.47455554530872,97.52285412319416,2016-06-01
1155247007,2016,2667,9.619115797657404,-1.475366589520094,2016-10-01
2126661,2015,715,18.933582784554545,18.8295716188789,2015-09-09
2126661,2015,663,27.825563390062264,30.041510764319423,2015-04-09
2126661,2014,2588,21.162029970872016,-0.1193048916373761,2014-03-02
2126661,2014,722,0.1521648371378583,19.84648116158092,2014-07-02
443270860,2014,1912,-0.4940746589017591,101.18843369649976,2014-08-09
138139524,2015,1381,29.068835455731893,1.7481428663667573,2015-11-07
138139524,2015,2201,-0.1597479712871497,30.88586808130301,2015-01-07
138139524,2014,2140,29.580560068971216,0.5139625534875283,2014-09-20
138139524,2014,2139,70.12980130027066,-0.597813222538999,2014-01-20
138139524,2014,514,-0.3302691218513818,69.3654673912342,2014-05-20
138139524,2014,1381,-2.172997795877087,31.45551764350558,2014-09-20
566716001,2016,1412,88.63268495715326,98.84135046175962,2016-10-20
566716001,2016,1414,10.004395713830272,-0.9100892451204964,2016-08-20
46754004,2016,685,99.12968059391896,0.0593959543541328,2016-03-24
992465766,2015,1942,38.43142027397867,101.7326439789395,2015-07-07
992465766,2015,2224,28.015759422645004,0.3528540119059432,2015-10-07
992465766,2015,1346,29.16448929724624,1.4474128219877982,2015-08-07
727076239,2017,177,2.0144114056705438,1.1968351407197104,2017-07-11
727076239,2017,2254,95.57752209969736,76.40019806088144,2017-09-11
727076239,2017,2215,4.527322567039367,-1.6696735902775364,2017-02-11
727076239,2017,513,0.1303014206177224,7.283156030870847,2017-11-11
727076239,2017,2076,-0.5133559967152085,5.4982449442332335,2017-09-11
727076239,2017,1799,0.6448005694042025,7.3573857822440925,2017-10-11
842601360,2014,102,48.14908597533614,52.12565962821904,2014-03-18
123542618,2016,2507,0.443830187724536,0.4078879027893701,2015-03-01
838492028,2014,2364,11.464493478981549,-0.9348205976769765,2015-10-06
838492028,2014,2365,10.066577669263378,0.524029314602902,2015-10-06
838492028,2014,1140,81.78368812854005,-1.6517325743433535,2015-04-06
838492028,2018,1174,0.855627509763356,-2.314198948036806,2018-10-27
838492028,2018,1833,0.5502281284079298,-0.0280624119761655,2018-01-27
643924098,2015,2400,9.785495428851725,-0.8227618196347515,2015-11-01
643924098,2015,1686,0.1719594808045376,10.366254969786809,2015-10-01
643924098,2016,2397,89.38577409521231,-1.4538230434021362,2017-02-22
643924098,2016,2424,-0.6968659800563274,100.70472262952948,2017-04-22
643924098,2016,1686,9.09088026112144,-0.67708865993544,2017-06-22
643924098,2016,449,-1.3128910039939017,0.6440120062222606,2017-08-22
770821655,2014,655,-1.3661629918522125,97.82494015292887,2014-11-02
770821655,2014,777,-0.8087033963529924,1.501454558110781,2014-03-02
770821655,2018,1417,-0.3212515710553004,98.95260211733248,2018-03-11
284484051,2015,2112,27.759449965260917,0.8578699895370723,2015-11-01
284484051,2015,2245,70.82076135814854,-1.7996276166100582,2015-11-09
284484051,2015,2285,0.6977639565164114,101.22459206214742,2015-01-01
284484051,2015,2567,71.6565226094172,0.7368746416039827,2015-04-01
284484051,2015,2567,0.2011596169324926,73.24742345863294,2015-07-09
284484051,2016,1333,-0.3624469708360516,100.12129735113868,2016-02-29
284484051,2016,2285,100.53994438019092,-0.6737521513772272,2016-02-29
284484051,2016,1333,70.23297108848926,-1.0569218810650498,2016-07-19
284484051,2016,1333,101.30268164232216,70.7089534781014,2016-05-07
284484051,2016,987,29.77977869576808,-1.2097239007276148,2016-04-19
284484051,2016,2248,-0.3232527020610872,30.6667966362843,2016-10-19
284484051,2016,2260,1.2258293655447234,71.33577753642072,2016-05-19
284484051,2016,987,0.2025734603651269,27.467108219034237,2016-10-07
284484051,2017,1333,0.7171336329018783,100.10225661495716,2016-09-30
284484051,2017,2248,0.141061279823142,28.187458396308838,2016-12-19
284484051,2017,987,28.346522523306334,-0.0044260398762411,2016-03-19
284484051,2017,1333,71.15291658076056,0.4382377061746867,2016-01-19
284484051,2017,2285,99.77648040828524,-0.2144044012645716,2016-09-30
284484051,2017,987,0.3130723767167587,31.142420104489936,2016-03-07
284484051,2017,2285,-0.2617382425874415,70.9461972356255,2017-02-17
284484051,2017,2260,-0.2215472620729296,70.90735007576207,2016-04-19
284484051,2017,1333,98.3491773944409,70.01763734920955,2016-02-07
284484051,2017,296,2.425753220594064,30.72953138463961,2017-02-17
1028531518,2018,1896,80.21597913570531,-0.4855109741137769,2019-09-26
1028531518,2018,404,19.47101697157355,-0.5914016570382427,2019-07-26
983963171,2018,766,68.66490436696054,30.152016678718464,2018-09-26
983963171,2018,628,29.798645676221987,69.45213384603392,2018-03-26
130237444,2018,1741,1.070162322592588,51.72345790712858,2018-12-05
130237444,2018,1887,49.65195228603508,0.6246371229011219,2018-03-05
130237444,2018,1017,-1.0806614392245315,48.62633146516321,2018-08-05
130237444,2018,1273,50.447129003004,0.9470885477785652,2018-03-05
766391861,2016,610,50.90489813239306,23.882197023870848,2016-02-07
766391861,2016,1281,50.758033936253874,24.68996921972821,2016-10-07
556931102,2015,1166,49.61228412974564,49.1398469121757,2016-03-01
556931102,2015,2272,51.39077238409158,51.13081186763527,2016-03-01
834264380,2015,2238,0.0699077495985435,99.4289276699564,2015-04-28
1208312381,2017,2124,-0.9458927507216488,20.411748628158904,2017-10-27
1208312381,2017,557,18.212714892539424,-0.1593282807356631,2017-11-27
95926854,2014,1814,0.6450887117059766,61.23638161564875,2014-11-21
95926854,2014,635,60.80496332886236,0.7260349860635595,2014-05-21
667453278,2018,324,2.280345390760582,2.16631564263984,2018-10-25
667453278,2018,132,49.41620329020979,98.33245441153812,2018-08-25
837237594,2015,252,0.0084889101512879,40.05462282205667,2015-06-21
837237594,2015,2676,0.179261440721682,40.0952096813461,2015-12-21
837237594,2015,1972,9.465266009359055,19.207865726697012,2015-03-21
837237594,2015,251,89.52796534945998,0.0099688137086875,2015-01-21
714492796,2013,2674,49.90568395936924,50.60093058923604,2013-11-08
714492796,2013,1473,49.09529138166831,48.817292438260566,2013-09-08
393529853,2017,1326,-0.4133200408775781,99.61997739616714,2017-04-27
393529853,2017,80,99.98483719041448,1.8625941044281025,2017-07-27
185788468,2013,1204,3.843370344648652,-1.051727749462421,2013-02-26
546141373,2013,2516,40.42235274849427,0.694903686976384,2013-08-31
546141373,2013,2138,-1.62713216216527,101.4247504824942,2013-10-31
546141373,2013,2136,1.659399455229811,59.13697891219423,2013-09-25
546141373,2013,2137,60.95271546847782,-1.2967714561686925,2013-03-25
546141373,2013,2136,60.27182653004823,-0.6302694129208021,2013-03-31
839764982,2016,137,-0.1596871976602275,91.7121049474558,2016-08-04
839764982,2016,1231,89.08453267838703,-0.0080101447329204,2016-01-04
839764982,2018,2145,11.217353160916032,1.230344643898474,2018-06-11
839764982,2018,2077,0.6279142146988737,11.07346576492204,2018-10-11
839764982,2018,137,89.07718306545871,89.83030807287054,2018-06-11
69056627,2017,1453,-1.6107098639801771,8.050531315805925,2017-11-21
69056627,2017,40,0.5742516238212416,-0.9036772325720576,2017-08-21
69056627,2017,2108,8.301049718905368,1.243142914594801,2017-08-21
401087436,2015,976,3.85740114048937,0.1455452473867441,2015-03-12
401087436,2015,2106,95.05542525907386,59.83555090239757,2015-01-12
401087436,2015,1995,-0.3184493200866131,39.48810502473109,2015-12-12
1086417627,2014,101,33.33930017155466,0.6899527957714253,2014-04-17
1086417627,2014,1584,1.1669902120645723,91.8801207869996,2014-02-17
1086417627,2014,2312,32.75678104363776,-0.6720767531016337,2014-01-17
1086417627,2014,1580,-1.3571113051026429,9.266700113868293,2014-05-17
1086417627,2014,847,35.24642879178,-0.7112763277954075,2014-07-17
1044138027,2016,2074,71.63848026746855,-0.3181784271871544,2016-01-28
1044138027,2016,2257,-0.361126067540761,98.44345826395876,2016-11-28
1044138027,2016,550,29.24582055630066,-0.1644698489563457,2016-09-28
1073542190,2016,2433,41.0932618990532,-0.3332386396293506,2016-04-16
406704808,2013,2061,80.4192276509712,92.699731872937,2013-02-02
406704808,2013,714,20.24239218800197,6.390870417621683,2013-10-02
516287023,2016,499,68.36021262787288,79.60720584824361,2016-08-23
516287023,2016,270,6.195319198807627,1.7414111271228183,2016-12-23
516287023,2016,297,3.441024728209151,-0.8905804156830515,2016-03-23
516287023,2016,1357,1.698837933698397,-0.5301529189122142,2016-12-23
516287023,2018,46,20.593815383077544,-2.369095417535729,2018-06-30
516287023,2018,687,-2.044168047706465,20.466829170371238,2018-06-30
899842500,2018,522,-0.8587402858142101,102.5338794777586,2018-06-17
661526755,2014,2616,-0.928308266062633,11.1224831409783,2014-10-04
661526755,2014,2479,90.4713089105847,89.91496435337295,2014-01-04
11826214,2018,41,52.32865743934675,1.2985697947528498,2018-09-30
11826214,2018,871,14.845129356201038,0.0385053787568947,2018-06-30
11826214,2018,146,23.445715828161404,-0.2279561907312518,2018-10-30
207210491,2016,2592,61.81250443374071,-3.1680166338869413,2016-05-26
207210491,2016,2528,18.803211355649736,-0.5916911973518583,2016-03-26
207210491,2016,442,16.680636868369305,100.08544180474344,2016-08-26
818420099,2015,2223,89.67610981870571,98.54172322140631,2015-09-25
818420099,2015,2220,-0.0443519240817502,-0.5375823230845653,2015-07-25
808471480,2015,1212,30.70611018089336,41.605218536746186,2015-10-16
704679891,2016,2333,60.01642772337514,1.6121493199633774,2016-10-30
704679891,2016,2283,38.51035215076545,88.3918762474429,2016-08-30
704679891,2016,986,-0.2450691475808131,11.019181774328151,2016-05-30
381667187,2014,2444,-0.2120710498060067,50.30500786404183,2014-12-30
381667187,2014,686,1.304430842144941,50.61398265336012,2014-04-30
432923310,2015,560,-0.7215806574108925,10.576995453875965,2015-01-29
432923310,2015,2411,10.727841868006118,-0.4458579237530143,2015-05-29
360000965,2016,1743,1.0709813758980429,7.62759641200104,2016-04-19
360000965,2016,824,-1.5965197941404854,6.767098612516824,2016-01-19
360000965,2016,949,-1.024533430985325,19.175859120730337,2016-12-19
360000965,2016,861,0.1013557186512223,1.9142634847545856,2016-12-19
360000965,2016,1550,84.71629217508203,61.94889277512802,2016-04-19
364342086,2018,3,-0.2456562761103867,99.29136699507188,2018-02-13
794800752,2018,2492,22.68953989252954,30.77378045311136,2019-12-21
794800752,2018,2556,81.22599071780314,70.72105313110877,2019-02-21
217914890,2015,86,1.649163613230313,3.484584528507485,2015-08-09
217914890,2015,111,14.370808154722685,0.4867323327844286,2015-10-09
217914890,2015,87,85.41498301163185,93.67952073486788,2015-03-09
948104384,2016,1871,-0.2316464235213386,51.424347330320906,2016-12-05
948104384,2016,1015,50.09976127538073,0.3449281167700963,2016-08-13
948104384,2016,1269,2.0455336325625657,49.36688791140099,2016-12-03
948104384,2016,1676,50.91701357807628,-1.7264437195476157,2016-02-03
507836275,2018,1162,1.031608171828618,0.0042419658430985,2018-11-25
507836275,2018,2672,99.2723239355919,79.96530407715805,2018-04-25
507836275,2018,369,1.264236577799,8.093244696334192,2018-01-25
507836275,2018,770,-0.0631000232869102,10.017356981695167,2018-03-25
981042316,2015,913,0.8408296027490811,50.9008942781419,2015-04-02
1213253226,2015,472,98.64452272088342,-0.0085064174126842,2015-05-31
1213253226,2015,639,-1.3942421218788958,98.94028729337192,2015-05-31
179960664,2014,2166,20.10990384234631,15.064886877037786,2015-02-15
179960664,2014,308,30.42957137051198,50.12838846092541,2015-03-15
179960664,2014,758,6.645162398772279,1.82847429091105,2015-03-15
179960664,2014,2338,19.97885261168845,16.061454843292456,2015-07-15
179960664,2014,843,21.928802273877643,15.912847633994414,2015-03-15
628764983,2014,1564,0.7490736259508013,23.710245243562778,2014-02-27
628764983,2014,620,33.81185702633178,10.745446760071587,2014-01-27
628764983,2014,199,33.13815957620029,1.1313732171156354,2014-05-27
628764983,2014,989,0.1774595413611323,31.24721663602556,2014-10-27
873339738,2015,551,79.00142941007041,69.89933382490554,2015-11-11
873339738,2015,1897,18.666558048662,0.4076433599366798,2015-10-11
873339738,2015,2436,-0.4766684436897876,32.35387589196215,2015-01-11
1027388863,2016,489,49.34761779921078,-0.7987952114860037,2016-04-30
1027388863,2016,1794,51.65583369525217,100.93536050770854,2016-06-30
70915199,2018,2155,49.38908670720481,30.10937756228979,2018-07-16
70915199,2018,2531,1.5316855027163483,30.046195953106853,2018-12-16
70915199,2018,2168,47.99704585698092,39.88306468221725,2018-09-16
550415772,2015,2396,19.282365060670024,-0.8813255336628448,2015-07-20
21555543,2016,1153,20.362267928898312,20.325579903827204,2014-11-01
21555543,2016,2327,28.70653644268008,28.45983397857664,2014-03-01
45220215,2017,1929,-0.7306152435745935,50.08335445430826,2017-05-12
45220215,2017,998,-0.3787214645844788,50.25108429538341,2017-01-12
569610500,2018,1177,1.0504749108256108,30.68794432174661,2018-03-13
62236164,2015,606,22.92196908492714,-1.6840862911130574,2014-06-01
62236164,2015,502,61.44432552488914,10.266124054384758,2014-10-01
62236164,2015,502,60.11672428792859,38.69389560836751,2014-03-01
62236164,2014,502,60.67255350135611,37.43446638004163,2014-12-01
62236164,2014,502,58.78291419177838,8.497243066012787,2014-07-01
62236164,2014,606,19.11837768851412,0.4694413568197699,2014-04-01
62236164,2016,602,28.479392873698707,70.29827941920067,2016-04-11
62236164,2016,606,-0.2636598394669586,30.1256032544162,2016-05-11
1060468172,2015,2078,32.22597721472386,-0.7323232939956046,2015-06-11
1060468172,2015,1954,70.84004630372709,100.751561160073,2015-10-11
535903321,2017,2548,49.7117631721724,38.56451538986903,2017-01-30
535903321,2017,2523,0.2494763547230779,38.81878825844716,2017-10-30
535903321,2017,322,-0.8443060969825986,18.356013399818867,2017-07-30
535903321,2018,2523,40.41909083171167,2.4976282266537373,2018-11-02
535903321,2018,1795,0.090944780366281,39.65137097616561,2018-05-02
131512759,2016,1911,-0.843705729203302,100.05257349907528,2016-09-13
936290612,2017,19,52.7317837842272,33.633332410108615,2017-12-09
936290612,2017,1661,49.76534960701159,34.72198423282545,2017-08-09
936290612,2017,907,0.3121867653476106,33.41898256061591,2017-02-09
1162466728,2013,1858,39.2173770545876,91.55800427338832,2013-07-07
1162466728,2013,1834,-0.189700028843463,9.880703682945034,2013-08-07
1162466728,2013,2016,61.91667121489139,-0.073268678007065,2013-12-07
1195913954,2015,2014,49.61553056851875,80.21553677686086,2015-11-01
1195913954,2015,712,50.7034448127196,19.006338039228503,2015-08-01
1019632003,2015,2096,29.4719305375505,33.65647361885955,2015-10-18
1019632003,2015,948,4.74894920831513,0.9597570743470396,2015-02-18
1019632003,2014,670,59.59179686901943,49.86923046068455,2014-12-31
1019632003,2014,2371,-0.1624536085428133,1.9510300881290397,2014-10-31
1019632003,2014,2158,-0.1583336162489015,3.00426885189782,2014-11-30
1019632003,2014,2101,-1.6048215323147974,3.297770881134452,2014-12-31
1019632003,2014,932,1.4634161297771884,0.8255645994739278,2014-05-31
1019632003,2014,2096,30.37495774538996,30.884480676214093,2014-08-31
1019632003,2013,670,60.605926395472125,60.34244913058174,2013-02-01
1019632003,2013,2096,40.78860537504736,30.2604774698947,2013-08-01
1019632003,2013,948,-0.1730715909516449,2.143861842205837,2013-05-01
1019632003,2013,1553,-0.672611155172552,3.431499659800856,2013-08-01
1019632003,2013,1604,-1.1272558058494444,1.5947124574411773,2013-03-01
1019632003,2013,1383,-1.479074424003452,2.029569248651109,2013-10-01
1133276695,2016,1559,2.255835972898665,-1.136365793391347,2016-10-01
1133276695,2016,1561,-0.6907016867169188,2.9549783681746,2016-02-01
1013720303,2017,2454,40.11501115992017,0.2966467185398762,2017-07-25
1013720303,2017,1059,-0.1584538759010277,99.0585636023429,2017-03-25
1013720303,2017,2758,62.20326840433092,0.0112673265962208,2017-11-25
1013720303,2016,1009,34.01692115692006,-0.3244372012009521,2016-04-18
1013720303,2016,2758,31.118825995219925,60.017116631270085,2016-04-18
1013720303,2016,2454,18.750368856940668,37.80250816091348,2016-03-18
1013720303,2016,1954,15.142138018146609,-0.5998844819776439,2016-10-18
558716418,2014,1702,-1.228267017394658,41.56913857589034,2014-02-12
558716418,2014,1706,51.34507271744877,0.0813452328695262,2014-10-12
558716418,2014,653,-0.0769354470056536,28.82093088493264,2014-03-12
558716418,2014,1803,48.802712773797374,29.890295244088957,2014-12-12
250115004,2014,2607,50.719966585856014,46.5086356016016,2014-06-29
250115004,2014,1305,0.6765030529716998,9.28112264891562,2014-08-29
250115004,2014,1360,49.84004846935155,-0.4688814054419458,2014-04-29
250115004,2014,1354,-0.0239337170129304,45.620368573078,2014-11-29
512107707,2015,2748,27.37969401085066,34.20823459579592,2015-04-23
512107707,2015,2736,55.76471050820599,64.40317052662913,2015-06-23
512107707,2015,2719,17.637391009652625,0.1229054644707995,2015-12-23
674502068,2014,452,0.5841706511731309,90.237046776308,2014-11-27
377208493,2016,397,0.7487047758528801,100.1724735739497,2016-05-27
377208493,2016,2385,7.93067131269309,0.150702845734423,2016-02-27
377208493,2016,2579,1.0106614544965955,0.7904051451733465,2016-04-27
377208493,2016,2664,8.789105443333987,0.1458233987013465,2016-10-27
377208493,2016,2559,4.92132793621073,-0.2545206939886379,2016-10-27
377208493,2016,410,19.185214242592373,0.7103595667721245,2016-08-27
377208493,2016,416,15.246075241802837,0.354963364224602,2016-01-27
377208493,2016,2632,1.6701072628461897,1.005368032136361,2016-08-27
377208493,2016,429,2.4820071872388523,-0.0174203975033427,2016-04-27
377208493,2016,1246,33.8789304295222,-0.2439280094099151,2016-01-27
377208493,2016,408,8.123308739490215,0.9134337103353144,2016-12-27
605940031,2018,1439,18.65216921558161,19.09440152548193,2018-08-05
605940031,2018,2132,79.01552001156907,81.76844712097672,2018-06-05
22571132,2015,2169,98.2801809487539,0.3311292225633953,2015-10-20
22571132,2015,2505,0.1224883010011697,100.1032218749525,2015-06-20
22571132,2017,2543,1.457586750778733,99.99860817121257,2017-08-27
1063940659,2015,908,0.9246604813542078,97.78264405786966,2015-02-12
1063940659,2015,1469,98.21682540345935,0.5855662647101462,2015-03-12
1015725051,2014,311,1.1269544729843266,99.757672625461,2014-07-17
485493682,2016,26,-1.00115160802906,31.53947118810424,2016-08-01
485493682,2016,1365,29.90025696697136,1.1187662756415555,2016-02-01
556838756,2014,2000,20.60972408598708,-0.5338937042188097,2014-06-07
556838756,2014,421,0.0191039372889948,19.00272280340032,2014-04-07
556838756,2017,1552,-1.469219891524482,19.80152032843673,2017-11-23
556838756,2017,421,19.35830671542732,-0.0448013637005224,2017-03-23
679444756,2014,1978,-0.0835271671620743,48.56044737680103,2015-04-03
679444756,2014,1651,32.54797447372466,-1.020350454558702,2015-12-03
679444756,2014,1352,17.7830365854982,0.096748549892868,2015-12-03
299834469,2014,2722,93.72230381461468,97.78342214548682,2014-10-28
299834469,2014,699,6.346393823351259,2.7714693013647045,2014-08-28
640268003,2017,1200,49.3195717311192,-0.3764270948375278,2017-01-12
640268003,2017,2635,-0.5473668773985252,9.635949209882527,2017-01-12
640268003,2017,2482,51.47682666229539,89.10987095472589,2017-03-12
640268003,2018,2635,11.353235574674674,0.0355000392650977,2018-08-28
640268003,2018,691,0.0287295275237486,10.006014117791157,2018-02-28
589139545,2013,2661,41.48660293670976,44.80196166132531,2014-10-02
633603231,2016,2638,1.102880278570406,100.14548724762436,2016-09-20
633603231,2016,2771,99.42809224151227,1.627145226831941,2016-11-20
633603231,2016,274,-0.6601725448965904,0.9606459942872332,2016-01-20
478139581,2016,375,31.502292860371224,0.9011061196037664,2016-09-25
478139581,2016,2032,68.84732079775925,98.92973053163728,2016-07-25
150481980,2013,985,80.89758314893159,1.3270748936683054,2013-04-27
150481980,2013,1605,0.6076678331655598,102.52052813071496,2013-02-27
150481980,2013,902,19.6436817058188,1.1629083155720596,2013-08-27
609343642,2014,708,79.96881710355277,0.5663898172721681,2014-06-21
609343642,2014,1175,21.08383637477672,21.02991151619153,2014-06-21
609343642,2014,709,0.5019510249902086,80.4297778733461,2014-11-21
609343642,2013,2116,100.10249737040188,-0.194304801057151,2013-12-10
609343642,2013,1175,1.0118650924302033,19.203171110242035,2013-05-10
609343642,2013,708,0.3372588021314399,80.37827173433729,2013-05-10
609343642,2015,709,80.46063805326453,80.47840411891077,2015-08-30
609343642,2015,1175,19.6738098969639,20.08839345808666,2015-08-30
834948383,2016,180,1.131826012175855,100.37055873627826,2016-08-14
283622537,2015,2600,20.81810098887912,-0.9525186763126268,2015-04-24
283622537,2015,83,63.82009518016132,97.86783053596687,2015-06-24
283622537,2015,82,15.484297982352333,1.234868070121286,2015-11-24
420043119,2014,346,0.9747647861150228,99.92679156890809,2014-10-07
526173030,2017,211,8.958403037375687,1.4189498396952032,2017-09-29
526173030,2017,317,42.03755756029307,79.05529740193418,2017-07-29
526173030,2017,1916,-0.3526305280685374,11.198849278277065,2017-05-29
526173030,2017,1847,49.622828621886256,7.794572868156738,2017-07-29
695969858,2014,2290,49.128482382687984,51.9980968260532,2014-08-28
695969858,2015,915,51.34330615602252,-0.8651060276896725,2015-10-04
695969858,2015,2290,2.5457555425037826,50.13743041033748,2015-10-04
1152033604,2015,1733,58.65941871715067,1.0045761963048905,2015-05-29
1152033604,2015,640,9.44754797746009,-0.4472506935658545,2015-03-29
1152033604,2015,2146,0.7783144184731268,60.746930844259474,2015-02-28
1152033604,2015,947,-0.4179848447067485,9.900752656950072,2015-02-28
1152033604,2015,48,28.65813668860071,-0.5888529004525118,2015-05-29
1152033604,2015,852,0.3491831183223899,29.23080210297945,2015-02-28
1228040547,2015,2041,34.27914490854301,36.87801988282986,2015-06-09
1228040547,2015,808,5.209592897268866,-0.1353543416702242,2015-11-09
1228040547,2015,2153,59.60405314853098,62.54180206399519,2015-10-09
1061266812,2017,590,100.86598402502634,99.38733868990028,2017-02-13
556398484,2017,660,95.59381796888567,-1.3142444324866809,2017-10-22
556398484,2017,2353,3.943015710394264,98.301285785636,2017-09-22
157854380,2014,440,1.7077767002432342,10.309370006224162,2014-10-24
157854380,2014,1846,9.344836405772323,1.6722613690976391,2014-04-24
613611333,2017,881,-0.8174537629078377,31.35586393614989,2017-07-08
613611333,2017,1320,29.62684603751801,0.9114323381220324,2017-07-08
1022265209,2017,2163,51.06457709879627,80.59507578362103,2017-01-18
403761996,2017,1708,57.11518968349917,1.3808910740501166,2017-07-26
403761996,2017,1118,-0.6386084788519691,57.95819059782773,2017-04-26
664133823,2014,1647,24.32780388781228,1.9457983182282077,2014-07-17
315726536,2013,2644,29.05861563582622,-1.298525438411368,2013-11-30
315726536,2013,1275,0.939314087028522,30.07742364424216,2013-06-30
1059986482,2015,957,2.675575441648349,38.82020332373388,2015-01-11
1059986482,2015,1361,37.80637933689773,1.0413880119356946,2015-03-11
64138306,2018,1512,48.85345640419835,0.0515487598827613,2018-05-19
9075122,2017,898,-0.7575351987391377,67.67435861872333,2013-05-03
9075122,2017,898,-0.5161832501707454,66.20407897143136,2013-02-02
267747263,2017,830,50.78276604932181,95.51383083888554,2017-01-29
267747263,2017,2539,1.1791249481892494,3.825395586976515,2017-09-29
267747263,2017,935,50.9817568621765,0.5238317740800504,2017-03-29
501989563,2014,316,-0.2066245639660837,40.98655413619042,2014-05-29
501989563,2014,2087,38.93697255988912,2.1263918310983465,2014-04-29
669554763,2013,1085,52.876850261635,-0.5632423624440409,2013-06-09
116573635,2016,1081,0.4650300054496071,101.33999576579214,2016-10-11
116573635,2016,345,-2.662413655522589,101.7143843162066,2016-02-06
116573635,2016,335,0.945525452356952,99.1104148592901,2016-08-19
116573635,2016,1081,99.16315848759665,100.07707464747118,2016-05-30
248782102,2016,1349,-1.1418031503703918,24.683304209892448,2016-02-12
248782102,2016,2180,75.51973435611532,76.35930535060065,2016-04-12
243165,2016,1635,-0.731741273649094,3.300219345355233,2016-10-18
243165,2016,62,3.213120480453544,-0.1968515802546416,2016-05-18
474347568,2017,1631,-0.9904710616998308,99.32341309149348,2017-03-05
474347568,2017,692,99.8840885966135,-0.7573958201256364,2017-04-05
650137286,2018,1940,40.17486860366144,-0.3942161455216689,2018-07-11
650137286,2018,1264,38.67125680988753,-0.4342971273111746,2018-05-11
650137286,2018,1667,-0.4627205803760619,9.914428347418678,2018-05-11
650137286,2018,1939,21.20881545442012,1.4237270518931175,2018-08-11
650137286,2018,1427,0.029398752136311,91.13559952515811,2018-08-11
332629236,2018,903,52.1224638579608,27.343658026326946,2018-08-17
332629236,2018,904,-0.15062957607812,24.76007215502157,2018-10-17
848214706,2016,767,21.53350483384546,21.153921819909957,2016-06-19
1074040658,2017,1441,-0.969601154454896,49.204556221180354,2017-05-13
1074040658,2017,1304,100.35943238636128,48.97388620212043,2017-06-13
424026777,2014,2407,1.2466194612849923,-1.0989178444313876,2014-08-25
424026777,2014,2613,-0.7295879866557385,-0.625490389229517,2014-04-25
424026777,2014,1633,-0.0604412960795219,0.633037550083555,2014-08-24
424026777,2016,378,1.001966315546415,1.216196539908795,2016-07-22
424026777,2016,2407,79.97564821023794,82.5455978466502,2016-05-08
424026777,2016,2407,62.121409600582005,98.91689806998554,2016-10-22
424026777,2016,2407,85.19672781181286,81.35370790987979,2016-05-01
424026777,2016,1632,1.6244930445934591,3.431664874782768,2016-07-01
424026777,2016,1629,0.1959419637197469,0.6258840429806867,2016-05-08
424026777,2016,378,1.081695937616744,-0.1188527271792397,2016-02-21
424026777,2016,2572,0.4540335488534819,3.059859902484145,2016-09-10
424026777,2016,742,-0.5302349019700656,8.936789953177483,2016-06-10
424026777,2016,1014,-0.1630893610960363,2.8561137300071198,2016-07-01
424026777,2016,1632,-1.349698515252014,4.502338687957016,2016-01-10
424026777,2016,2407,99.98648832601891,84.09271360839858,2016-06-10
424026777,2016,2613,39.73935093005165,0.1805959305623297,2016-11-22
424026777,2016,742,10.652983246279264,9.29970564958513,2016-10-01
424026777,2016,2407,98.1866290906727,99.23681884549664,2016-12-21
424026777,2016,2572,4.665785635197549,1.2563866128141967,2016-08-01
424026777,2017,1636,0.1855124609122501,8.291808227328382,2017-05-19
424026777,2017,1636,1.0205079113940738,6.854371189904643,2017-08-18
1002763026,2018,1935,99.75636977371563,91.02404391868198,2018-02-03
1002763026,2018,237,-0.2299326617035955,11.276314781499682,2018-11-03
425653504,2016,963,99.36183934067648,0.4693376742902478,2016-09-09
425653504,2016,1960,0.1524265024767232,50.25348093132538,2016-11-09
425653504,2016,2717,0.8743678332121675,49.44529206909623,2016-10-09
632244749,2015,426,60.79890716628054,59.64573279249376,2015-04-19
632244749,2015,150,38.61280189986605,37.76292310831788,2015-09-19
92929819,2018,2483,32.316459531490075,-0.1966870647205202,2018-12-04
92929819,2018,724,33.4106795502873,100.29894986802483,2018-11-04
92929819,2018,465,33.40044238018055,0.8304570156981226,2018-01-04
113330526,2017,2165,23.37524178808594,49.05258026167001,2017-03-09
113330526,2017,2456,24.323573765188485,50.088475935816064,2017-12-09
113330526,2017,2706,51.30692503568224,0.0354810678182038,2017-06-09
611526552,2017,2134,37.7698347271405,38.84319586661245,2017-11-27
611526552,2017,495,9.797193031037777,9.318010708543657,2017-02-27
611526552,2017,659,1.5323315545183205,8.48310264157536,2017-05-27
611526552,2017,1127,49.53083295788365,39.50008065364183,2017-02-27
611526552,2016,2134,-0.7319634805718522,41.11202642291933,2016-10-22
611526552,2016,2376,43.9900877919877,-0.2484264605967122,2016-11-22
611526552,2016,1127,44.337289633728005,48.7923373415318,2016-07-22
383845402,2017,2178,-0.0116968047914625,33.66643054550135,2017-02-04
383845402,2017,218,79.28525168935661,33.95076392743339,2017-04-04
383845402,2017,516,-0.2646950381058675,33.11680107006961,2017-04-04
383845402,2017,725,18.215936405709595,0.8971032088746334,2017-09-04
383845402,2018,2178,32.65913526033118,-0.6094427925606114,2018-07-13
383845402,2018,516,33.880210878444224,0.165610265793855,2018-10-13
383845402,2018,218,32.925086701696216,98.54624715483055,2018-08-13
161179732,2018,1260,9.971134998827855,9.34771287847918,2018-11-08
161179732,2018,1658,48.55485449331315,-0.012110563882068,2018-04-08
161179732,2018,1781,38.17236073641185,39.76651412966591,2018-07-08
161179732,2018,2090,-0.8097817833139958,49.80312274191069,2018-11-08
873035916,2018,1813,44.82335777355439,0.8339392571260922,2018-05-06
873035916,2018,1540,29.01225715827624,30.300988108895535,2018-04-29
873035916,2018,1543,70.23021286155931,50.12507102339779,2018-10-29
873035916,2018,1288,0.5215411901465283,52.56362621465117,2018-08-29
873035916,2018,1543,70.74147896593568,70.1766402065512,2018-08-29
873035916,2018,2755,52.78824789746656,-1.1815385470486306,2018-03-06
333658867,2015,842,1.3276999288553633,-0.4926233119317948,2015-06-14
333658867,2015,156,49.61632275040586,47.569113563115934,2015-12-14
333658867,2015,2030,51.01752104425504,52.23845166675535,2015-10-14
144754142,2018,1477,0.667084631891842,46.13106821529061,2018-08-09
144754142,2018,1920,56.39537526959642,54.5294909891482,2018-11-09
1140424250,2018,2761,99.61315791885912,0.0435930033654585,2018-01-04
1140424250,2018,143,-0.689887615481765,101.16063652862051,2018-10-04
662316493,2017,2441,40.72566428676118,48.759616249757045,2017-02-16
662316493,2017,2443,29.59867798265177,49.7276111819072,2017-10-16
167388467,2017,2526,38.36276423166639,1.080203401117216,2017-11-12
167388467,2017,453,-0.8339673492425316,31.068907359932854,2017-09-12
167388467,2017,1144,1.044849374363949,69.6050258531734,2017-12-12
167388467,2017,415,29.19227271079516,-0.4389979163166942,2017-01-12
167388467,2017,1228,28.859442657588964,1.119033140415327,2017-04-12
225147557,2018,1449,91.53475533783482,-0.6213666586506389,2018-08-19
225147557,2018,459,-0.3059916987914545,89.05282057457508,2018-12-19
225147557,2018,2729,10.111344776043476,9.51280986841966,2018-04-19
73643264,2014,707,0.2069646505247068,2.1626182924829163,2014-05-21
1032194813,2013,2194,21.78652407305394,20.114959887934937,2013-02-24
1032194813,2013,2739,18.289403943684693,21.24202185361013,2013-03-24
1032194813,2013,2533,20.48611584256391,21.59591687470955,2013-05-24
1032194813,2013,360,20.070097091962328,20.190406316223143,2013-10-24
1032194813,2013,533,22.093716558190067,21.012189314452,2013-05-24
1032194813,2016,1626,-0.2928449058963044,79.77233854531697,2016-04-14
1032194813,2016,533,19.97174788593903,20.14883378457566,2016-01-14
889021404,2016,1411,34.28689476533891,64.9380936354357,2017-11-29
889021404,2016,1388,-0.3307880658378724,35.10283243700281,2017-08-29
630153635,2017,2744,-0.4726311560834579,48.89963646772952,2018-02-05
630153635,2017,814,-1.0031441932444414,48.673184827144766,2018-07-05
630153635,2018,1532,-0.7255010610916909,99.27351801620344,2018-03-25
912867997,2017,703,34.05901298373378,0.2382559752306189,2017-04-27
912867997,2017,1739,48.31680707909711,0.141098867124625,2017-01-27
912867997,2017,700,14.547803562002915,0.6018310746456811,2017-05-27
912867997,2017,546,-2.886184437505016,99.86803450966129,2017-09-27
912867997,2018,765,-0.4305214953853419,60.1002116162545,2018-09-27
912867997,2018,546,100.46617199361152,0.7519836255057458,2018-07-27
912867997,2018,1739,0.3137811904425274,41.22656384963828,2018-04-27
552525326,2018,833,0.8772948575226882,27.44785985438761,2018-09-12
552525326,2018,958,27.880825681351507,-0.8204425825212323,2018-10-12
538525337,2018,1061,79.63741244841268,101.26921901752604,2018-06-24
538525337,2018,197,19.17410980911688,-0.6647967481876186,2018-11-24
653469865,2018,1296,49.11768501395507,-1.7779246180626491,2018-10-24
653469865,2018,2484,-0.242094522034946,97.5289897671048,2018-09-24
653469865,2018,1754,49.85193207556052,-0.5945776239658579,2018-04-24
1063866717,2018,791,3.072846109796915,5.7926599155645455,2018-06-15
1063866717,2018,1638,94.68973101213238,94.85960526738369,2018-01-15
1063866717,2018,1996,-1.4147563581626663,99.3143680488555,2018-10-15
1063866717,2018,196,55.158560317306026,0.2714382418998445,2018-06-05
1063866717,2018,2476,46.01887541330635,-1.2233040803511244,2018-11-05
856995987,2018,2037,99.38404895965672,100.11659378312646,2018-11-19
856995987,2018,965,99.78687584637484,-3.001965115609431,2018-03-06
856995987,2018,2450,100.377831511442,99.785179213529,2018-10-03
1189266752,2014,1062,68.68924324658445,-0.2917045976339151,2014-07-15
1189266752,2014,1392,30.751775497013867,1.297030923380149,2014-11-15
1189266752,2013,1071,69.05027426784795,-0.2141452947544327,2013-03-04
1189266752,2013,1542,29.49822931811197,1.3171612657715108,2013-04-04
1189266752,2018,743,98.19442200294246,99.94006166365236,2018-07-13
508315671,2015,2462,-1.3807425289963378,41.04516868374827,2015-10-20
508315671,2014,2442,29.79313013599656,9.572566314957225,2014-04-25
508315671,2014,2462,-0.6178962948335346,20.441275547591893,2014-09-25
508315671,2015,2442,58.8390560396128,20.27629450335941,2015-04-20
44049764,2017,2196,40.20670231518318,-0.1529295927795075,2017-02-28
1178474751,2016,1077,0.0847832866367401,0.7145223516328159,2017-12-12
27959870,2015,2562,20.60243104474012,19.792473421692083,2015-05-11
27959870,2015,2563,79.77423379885913,78.77889118171976,2015-10-11
441403783,2015,1796,1.276632089891153,53.06557622451323,2015-01-17
441403783,2015,380,1.4290555791400612,48.97810441117847,2015-05-17
441403783,2017,2103,50.04928305829255,-0.930028946305338,2018-09-09
441403783,2017,2103,52.009249623722425,1.1084626720766295,2018-10-08
46118161,2015,172,0.3790872764822541,71.18337376305634,2015-03-24
46118161,2015,1366,0.0658889881262693,29.912795473914983,2015-08-24
46118161,2015,1761,70.19082636876003,-1.026099704652118,2015-12-24
46118161,2015,1570,29.563147568875475,0.3949692227435381,2015-05-24
332910652,2018,918,100.71864824929192,0.5193673180927187,2018-04-19
131000693,2015,363,0.1219381319358301,8.378825334121377,2015-05-25
131000693,2015,1962,-0.1467163172838283,90.08192483989046,2015-01-24
131000693,2015,2179,51.25644081373564,0.2991755346502504,2015-08-25
131000693,2015,313,48.46229054540792,-1.4892483612851524,2015-01-25
394521948,2013,2582,-1.5628484699098286,50.69647318278165,2013-11-25
394521948,2013,1137,49.66845662564813,0.089587395541933,2013-12-25
394521948,2014,2082,7.361979736417068,0.7003488145131809,2014-03-22
394521948,2014,2582,4.65874193404954,0.1269968056329459,2014-03-22
394521948,2014,2392,0.6427903344621384,91.3291630782278,2014-11-22
394521948,2014,2504,-1.331329214176574,10.44586942886554,2014-10-22
55491638,2017,570,80.46080131760391,0.600925886860904,2017-07-20
55491638,2017,468,19.389354867577733,99.5532286135342,2017-04-20
192768531,2013,2686,54.9260153414802,60.745709089412,2013-06-22
192768531,2013,2308,9.0472056000897,19.470802725091705,2013-09-15
192768531,2017,2058,0.6212528728270899,4.684837849297943,2017-07-26
138912471,2014,1209,34.1530299669631,0.2956965150564246,2014-04-14
138912471,2014,1297,0.9358323002839628,39.353890468896346,2014-12-14
138912471,2014,2336,-0.7859902739961131,20.109346252368432,2014-03-14
138912471,2014,2031,65.65949734584531,20.77266025590462,2014-05-14
138912471,2014,2143,-1.2303397700184853,18.963840558186963,2014-05-14
138912471,2016,2031,20.0198853122344,0.5348232671555185,2016-09-07
138912471,2016,2143,21.011658754872148,34.90195434416424,2016-04-07
138912471,2016,2336,20.73479464970156,-0.383382504433928,2016-02-07
138912471,2016,1297,38.68137493967094,67.77030188888068,2016-12-07
193996297,2015,900,15.937474383684863,1.1539180576100516,2015-03-08
193996297,2015,2455,41.22913546869189,0.4133349146081528,2015-10-08
193996297,2015,1736,45.84003952297692,1.6653284340060592,2015-07-08
121189460,2013,1906,61.16438688903937,59.26551403379658,2013-03-21
121189460,2013,1225,9.315373616055355,10.914146912644473,2013-06-21
121189460,2013,289,30.616631428208517,29.62802041395197,2013-02-21
1217886527,2014,2222,2.727191766635577,4.209962121599967,2014-07-02
1217886527,2014,1134,2.744494018928535,6.058366386988089,2014-08-02
1217886527,2014,178,4.141376364590823,7.937264443854408,2014-09-02
1217886527,2014,2445,5.049109822821881,8.601706565257379,2014-10-02
1217886527,2014,249,6.988860023043904,12.729980328077357,2014-08-02
1217886527,2014,2176,30.35234113780367,46.26132781540156,2014-09-02
1217886527,2014,1504,2.8422329340721766,2.489291597530128,2014-12-02
1217886527,2014,2762,3.1616414284382395,2.695756771191557,2014-05-02
1217886527,2014,2199,1.0331210308636265,-1.10321774589134,2014-11-02
1217886527,2014,1172,1.1844708347086006,1.2492483291059249,2014-07-02
1217886527,2014,2332,1.3595949984607123,2.2935525562867283,2014-06-02
1217886527,2014,241,2.0109402740153404,0.1812974195899892,2014-10-02
1217886527,2014,2657,0.8729873716507781,0.2356816457924452,2014-10-02
1217886527,2014,1129,0.9698434914286692,0.0574462092752806,2014-07-02
1217886527,2014,1119,1.8773242444003304,0.6971905963908342,2014-01-02
1217886527,2014,771,1.177382423303351,0.6168580683720168,2014-06-02
1217886527,2014,116,1.1688129243165624,0.2462147657521463,2014-06-02
1217886527,2014,9,0.0647988088345397,0.401899978878078,2014-10-02
1217886527,2014,2177,0.5535231620298376,-0.7473877244344601,2014-01-02
1217886527,2014,555,1.4613590799150875,0.4994494608594939,2014-02-02
1217886527,2014,2408,0.3748288349593808,2.8546319313204163,2014-06-02
1217886527,2014,2219,1.7913537890191868,-0.7868987221638695,2014-04-02
1217886527,2014,1362,0.6533680365977768,0.164631453107317,2014-06-02
1217886527,2014,2620,1.1681748268176968,1.89660026595346,2014-08-02
103686024,2017,552,-1.1668233829733463,17.82369556359116,2017-12-20
103686024,2017,2683,1.612835533539358,4.695669324284071,2017-03-20
103686024,2017,561,18.526347059982506,-0.6969440035928697,2017-09-20
103686024,2017,2386,2.709774701027005,0.5807917990598681,2017-06-20
586257961,2016,2429,39.54500299710401,-0.720984311906547,2016-06-30
586257961,2016,405,1.037133369351247,39.372982963914446,2016-07-31
532146742,2013,1400,98.61403057357712,99.0906195513005,2015-10-03
532146742,2014,1399,100.49825301088696,99.96593253957288,2015-10-03
888191670,2014,2171,49.78537941514644,50.86388122505739,2013-12-01
44606702,2018,1327,0.6758658925843664,100.26666964699167,2018-03-26
1183090320,2017,387,-0.5294835377541062,100.50885661047543,2017-05-15
1183090320,2017,1714,77.01917504184107,-1.1836346339080488,2017-05-15
1183090320,2017,1307,21.277447888879657,-1.3070830299004412,2017-12-15
74360148,2018,359,-1.2887407432028748,91.19612794358844,2018-07-08
74360148,2018,358,-0.4567228158419604,9.780660159604098,2018-07-08
725011215,2017,1785,0.5914020224231678,100.8971617351002,2017-08-07
1102477863,2016,331,50.17765775362496,49.95160606822236,2016-12-26
1102477863,2016,2571,37.48662180092453,4.252760378274227,2016-01-26
1102477863,2016,2573,0.0761338828821932,33.20745977486077,2016-02-26
394879016,2016,905,80.71327727078179,-0.0201585028312217,2016-04-30
394879016,2015,2261,81.46370219417686,0.1479290475789303,2015-05-16
394879016,2015,905,-1.215209329628833,78.50188877221785,2015-03-16
984396951,2017,542,95.57859679794336,-0.641147064204452,2017-04-09
322968473,2015,876,3.1381230033235603,0.66183943625561,2015-08-16
322968473,2015,846,92.60749828056248,93.35286071364662,2015-09-16
322968473,2017,1328,16.626572486347538,18.96407741815711,2017-07-28
322968473,2017,846,2.1880584414009965,-0.3340902770497337,2017-08-28
655206172,2015,325,41.78879384556122,-0.0603660345118038,2015-07-19
655206172,2015,326,59.613839768163736,100.84543138096458,2015-10-19
813871123,2017,2631,0.3642856639004257,48.52944139166733,2017-04-27
473244476,2013,191,5.706454252019175,-1.2420269162586872,2013-10-02
473244476,2013,1699,95.26468457380383,94.82014033576692,2013-06-02
473244476,2013,168,1.1723162357850598,4.1947863906624745,2013-03-02
473244476,2013,168,4.99394458052051,-1.8732505337276784,2013-05-23
473244476,2013,1699,93.76478152447145,43.75994250991119,2013-04-23
473244476,2013,1757,-1.0141656332557596,4.286059921201355,2013-04-23
473244476,2013,2073,0.3730998605792022,26.990599975550904,2013-05-23
473244476,2013,2033,1.3729259735624015,25.664729747098672,2013-01-23
495170019,2017,376,-0.9973195029207844,50.37093958806274,2017-06-13
495170019,2017,787,-0.5985171205413057,10.32234676072172,2017-05-13
495170019,2017,460,49.90185295983417,39.20628147156327,2017-03-13
692426396,2016,1238,56.54508203988612,86.04120512648346,2016-02-17
692426396,2016,1845,-0.4333152842777028,16.057412008010854,2016-09-17
756170963,2014,890,,4.520279904970491,2014-11-24
756170963,2014,305,4.882185164470727,,2014-07-24
756170963,2014,1325,1.1310361474571604,,2014-02-24
161921296,2016,991,40.26827155702883,-0.0373946616492573,2016-02-06
161921296,2016,1106,15.520035156408232,-1.0115609288452894,2016-01-06
320949169,2018,65,0.2648208092362935,50.61936899811976,2018-06-29
320949169,2018,329,-1.752402672829428,53.36217413789023,2018-02-28
749719860,2017,1947,39.99614423181985,1.63655186152761,2017-11-22
749719860,2017,1823,0.3025567716048309,41.91475165085292,2017-10-22
749719860,2018,1823,39.340683346935286,0.0232141085290307,2018-09-19
749719860,2018,1335,0.6752821648023623,40.85202095855858,2018-10-19
317107054,2017,2500,70.19255231680054,78.27682166412788,2017-06-06
317107054,2017,2472,10.243543975220168,1.4637204686840888,2017-02-06
317107054,2013,1465,10.662044482740772,-3.17854838711257,2013-10-23
317107054,2013,1443,9.96739164237036,-1.1897670942353356,2013-06-23
317107054,2013,2494,20.74562072381033,0.3106696073129871,2013-02-23
317107054,2013,1460,59.19783229183675,-0.2319193102449033,2013-09-23
1048748321,2018,1591,100.4651936338696,0.5571130678377716,2018-03-24
1048748321,2018,651,0.2042461853244728,99.96724217867542,2018-12-24
327788826,2017,491,1.498949685734765,8.385393384031389,2017-02-08
327788826,2017,1227,50.19050757494987,89.64240651277484,2017-09-08
282534824,2018,2252,45.56047989667933,7.818445197871089,2018-03-06
282534824,2018,2497,54.85335764976616,91.75960882836507,2018-01-06
802164874,2017,1281,99.43518940904768,-2.2416070773943484,2017-02-28
57354986,2018,51,0.0145113179169612,52.39863699504936,2018-09-11
57354986,2018,698,0.0105744982329697,48.16477075881327,2018-10-11
896079602,2017,2214,0.3897009737664691,90.2857236671122,2017-07-21
896079602,2017,802,-1.0548909498081336,8.718371317347664,2017-10-21
347228778,2018,2211,18.99073046598631,20.735412984346134,2018-03-30
347228778,2018,1933,77.89799862916918,79.76092693961611,2018-03-30
770157031,2017,1190,99.22308209530524,0.3608689964212465,2017-11-06
770157031,2017,2362,0.1480290002842492,1.041455139723762,2017-04-06
770157031,2017,614,0.154315165289739,5.145691766765035,2017-10-06
770157031,2017,1683,0.9086929630261512,2.724764366163669,2017-05-06
770157031,2017,1219,-0.373513821090046,40.39654571133345,2017-11-06
770157031,2017,2086,-0.3936409861848514,50.43812277076906,2017-05-06
770157031,2018,614,5.547809647936065,0.7448727717006477,2019-01-23
770157031,2018,1219,40.12588719530015,35.03931713523968,2018-09-30
770157031,2018,2362,30.51881440268319,33.674722435021785,2018-01-30
770157031,2018,1190,-1.058767109178876,50.02939486909307,2019-01-30
770157031,2018,1683,15.647775916898237,-0.6112360473878481,2018-03-30
770157031,2018,2086,49.00581626502203,-1.422424979464309,2018-07-30
105365710,2018,1387,38.35681502347074,23.070528165270137,2018-01-30
713899048,2018,96,25.34264628709838,0.8477174379001191,2018-11-23
713899048,2018,1994,15.866861413228207,1.2933561278164112,2018-07-23
713899048,2018,227,56.84649445545855,99.7773808900145,2018-08-23
401924744,2018,1909,90.17011591149478,27.32550104164184,2018-12-24
401924744,2018,1256,-0.9502999865437578,41.40410253486229,2018-04-24
401924744,2018,2625,8.25835924964326,0.8748897584539534,2018-08-24
401924744,2018,730,0.7059948008914467,30.57081404351081,2018-01-24
219879421,2013,1039,60.91077620119014,24.93335249353725,2013-10-05
407842625,2018,1429,15.3822813275447,38.6479085303334,2018-02-06
407842625,2018,1451,34.995471450531625,10.069874690507447,2018-07-06
917987559,2017,1262,1.267372660003398,100.4823060344802,2017-09-21
917987559,2017,2551,102.2490381998765,1.3007542344840588,2017-03-21
917987559,2017,1262,0.9286528026115553,98.9639344741915,2017-09-20
917987559,2017,2551,99.97059630286236,1.2935211247451577,2017-03-20
179320552,2018,1021,100.72133514320934,-0.8193053872848676,2018-02-22
