entid,NAME,indate,outdate
959830672,1871,201711.0,201711.0
658987796,1529,201607.0,201702.0
805505073,2046,201711.0,201711.0
103517987,1864,201612.0,201612.0
936352630,185,201709.0,201709.0
1031153973,1994,201711.0,201711.0
1231967447,1038,201710.0,201710.0
1112373491,1629,201702.0,201707.0
1112373491,587,,
210167448,1372,,
252988494,1683,201607.0,201612.0
252988494,935,201702.0,201702.0
944659388,205,201711.0,201711.0
190939668,1634,201711.0,201711.0
189295442,768,201612.0,201612.0
189295442,597,201612.0,201612.0
189295442,767,201711.0,201711.0
189295442,767,201612.0,201612.0
189295442,597,201711.0,201711.0
777755253,1101,201711.0,201711.0
75481607,1014,201711.0,201711.0
640968401,1555,201801.0,201801.0
640968401,822,201801.0,201801.0
640968401,1985,201801.0,201801.0
470090013,2397,201711.0,201711.0
213804497,1387,201711.0,201711.0
109252429,460,201711.0,201711.0
109252429,460,,
871120598,1223,201711.0,201711.0
1151486512,1869,201709.0,201709.0
763566074,2310,201711.0,201711.0
763566074,2310,201612.0,201612.0
1133313391,983,201711.0,201711.0
115339998,840,201711.0,201711.0
225865950,2340,201711.0,201711.0
332412177,740,201607.0,201612.0
21702078,889,201607.0,201607.0
530658986,1082,201711.0,201711.0
35566715,1386,201711.0,201711.0
1036107901,748,201607.0,201702.0
1036107901,748,201801.0,201801.0
1036107901,1999,,
1126948899,816,201612.0,201612.0
1074043626,539,201711.0,201711.0
398431409,1159,201711.0,201711.0
1222676313,1886,201711.0,201711.0
1021133736,1943,201711.0,201711.0
566709980,817,201711.0,201711.0
300801599,290,201711.0,201711.0
1063012839,779,201711.0,201711.0
1187619116,274,201711.0,201711.0
58165557,584,201711.0,201711.0
514427770,932,,
1094485325,1938,201711.0,201711.0
635706789,1376,201711.0,201711.0
135026013,1487,201711.0,201711.0
424007840,880,201711.0,201711.0
1057417896,2124,201711.0,201711.0
146477661,558,201711.0,201711.0
146477661,2503,201308.0,
207370900,476,201711.0,201711.0
207370900,40,201711.0,201711.0
812482882,206,201312.0,
812482882,2503,201312.0,
812482882,320,201711.0,201711.0
972603126,2114,201711.0,201711.0
213159696,547,201711.0,201711.0
670991159,1489,201711.0,201711.0
1127446955,1231,201711.0,201711.0
307832564,1069,201711.0,201711.0
420128370,1751,201711.0,201711.0
708296085,803,201711.0,201711.0
434369652,1221,201711.0,201711.0
770023067,2095,201711.0,201711.0
1020595851,2301,201711.0,201711.0
720509517,217,201711.0,201711.0
720509517,2001,201711.0,201711.0
75056894,1452,201612.0,201612.0
75056894,1452,201708.0,201708.0
100233421,1289,201711.0,201711.0
919169251,1953,201711.0,201711.0
915092028,239,201711.0,201711.0
210383067,1472,201711.0,201711.0
38245912,398,201711.0,201711.0
254014915,709,201711.0,201711.0
254014915,782,201711.0,201711.0
407546436,30,201711.0,201711.0
94136991,564,201711.0,201711.0
140640476,498,201711.0,201711.0
725175640,53,201711.0,201711.0
1066891061,664,201711.0,201711.0
327107238,1610,201212.0,
1201794855,1021,201711.0,201711.0
760576075,1755,201709.0,201709.0
716930547,2291,201711.0,201711.0
279005699,1991,201711.0,201711.0
720719528,1954,,
720719528,706,,
720719528,706,201711.0,201711.0
643346326,2412,201711.0,201711.0
1179072556,763,200708.0,
1179072556,1558,201801.0,201801.0
1179072556,2503,201107.0,
978827451,315,201710.0,201710.0
836910852,2392,201711.0,201711.0
315057141,662,201711.0,201711.0
225803089,506,201711.0,201711.0
876474681,1655,201711.0,201711.0
310206872,601,,
310206872,601,201612.0,201612.0
1024186033,89,201607.0,201702.0
603865048,264,201711.0,201711.0
911243271,2454,201711.0,201711.0
112231894,1564,201711.0,201711.0
254160203,225,201711.0,201711.0
517353431,1010,201801.0,201801.0
784543149,140,201711.0,201711.0
784543149,452,201711.0,201711.0
784543149,1969,201711.0,201711.0
784543149,2183,201711.0,201711.0
393355112,621,201711.0,201711.0
1156237838,141,201607.0,201702.0
173425626,365,,
614998892,2402,201711.0,201711.0
715299087,826,201607.0,201705.0
835862955,431,201711.0,201711.0
1187165635,188,201612.0,201612.0
165029844,1790,201612.0,201612.0
760232610,1245,201710.0,201710.0
760232610,1653,201710.0,201710.0
760232610,1274,201710.0,201710.0
760232610,2206,201710.0,201710.0
760232610,732,201710.0,201710.0
760232610,2438,201710.0,201710.0
760232610,1280,201710.0,201710.0
760232610,1899,201710.0,201710.0
760232610,1273,201710.0,201710.0
760232610,1256,201710.0,201710.0
760232610,1261,201710.0,201710.0
760232610,1275,201710.0,201710.0
760232610,1096,201710.0,201710.0
1197260202,283,201612.0,201612.0
223377099,337,201612.0,201612.0
485154649,428,201612.0,201612.0
485154649,522,201612.0,201612.0
485154649,613,201612.0,201612.0
485154649,944,201607.0,201612.0
485154649,613,201709.0,201709.0
485154649,765,201607.0,201612.0
485154649,661,201702.0,201702.0
1090847978,2286,,
1090847978,863,,
253310567,2337,201712.0,201712.0
253310567,2215,,
122404006,1206,201607.0,201705.0
122404006,2264,200412.0,
951648892,1658,201607.0,201607.0
1018283505,2226,,
859307071,1366,201711.0,201711.0
1048179815,1930,,
1048179815,1470,201709.0,201709.0
644394656,2409,201607.0,201612.0
644394656,2139,201607.0,201612.0
1227147497,1770,201607.0,201607.0
1227147497,2234,201711.0,201711.0
1111922976,709,,
1111922976,709,,
878303695,639,201607.0,201607.0
406101516,904,201607.0,201612.0
406101516,351,201607.0,201612.0
406101516,228,201702.0,201702.0
406101516,1205,201702.0,201702.0
406101516,1211,201607.0,201612.0
406101516,453,201607.0,201612.0
406101516,1823,201607.0,201612.0
406101516,630,201702.0,201702.0
406101516,484,201607.0,201612.0
406101516,1373,201702.0,201702.0
406101516,984,201607.0,201612.0
1132585533,898,201607.0,201612.0
1132585533,1109,201607.0,201612.0
1132585533,1054,201607.0,201612.0
1132585533,1527,201607.0,201612.0
1132585533,2262,201607.0,201612.0
1132585533,1719,201607.0,201612.0
1132585533,1860,,
1132585533,969,201607.0,201612.0
1132585533,828,201607.0,201612.0
1132585533,1640,,
618578351,430,201607.0,201607.0
679680967,1741,201702.0,201702.0
679680967,2258,201607.0,201612.0
679680967,876,201702.0,201702.0
679680967,868,201607.0,201612.0
955929116,1458,201612.0,201612.0
955929116,179,201607.0,201612.0
201054148,614,,
322394797,2184,201712.0,201712.0
322394797,2184,201712.0,201712.0
322394797,325,201712.0,201712.0
1115273959,594,,
1115273959,2290,201711.0,201711.0
1115273959,11,201711.0,201711.0
828439901,2267,201711.0,201711.0
786961077,2229,201607.0,201702.0
786961077,1412,201709.0,201709.0
966950408,1363,,
856331759,979,201607.0,201612.0
856331759,1558,201607.0,201612.0
147068138,2092,201607.0,201612.0
147068138,468,201607.0,201612.0
147068138,136,201702.0,201702.0
335693175,1997,,
584402496,2078,201301.0,
584402496,1455,201301.0,
1087381924,1811,201208.0,
1087381924,1609,201607.0,201702.0
1087381924,1297,201607.0,201702.0
1087381924,1117,201607.0,201702.0
1087381924,1764,201101.0,
1087381924,2161,201607.0,201702.0
1087381924,12,,
1087381924,480,,
1087381924,2189,,
39306954,219,201209.0,
620500307,1353,201202.0,
620500307,2296,201607.0,201607.0
40212297,1898,201607.0,201612.0
40212297,1940,201607.0,201612.0
40212297,251,201607.0,201609.0
40212297,251,201612.0,201612.0
40212297,104,201607.0,201612.0
40212297,105,201607.0,201612.0
40212297,168,201607.0,201612.0
40212297,520,201607.0,201612.0
40212297,1763,201612.0,201612.0
40212297,345,201607.0,201612.0
40212297,481,201607.0,201612.0
79532710,1883,,
79532710,2022,201402.0,
79532710,405,,
79532710,1339,201802.0,201802.0
79532710,405,201802.0,201802.0
79532710,1883,201802.0,201802.0
807448595,1590,201607.0,201609.0
807448595,1590,201612.0,201612.0
465287457,1858,201607.0,201612.0
465287457,1605,201702.0,201702.0
424537795,240,201607.0,201607.0
316088181,38,201607.0,201607.0
316088181,2436,201607.0,201607.0
316088181,2436,201612.0,201612.0
316088181,1186,201607.0,201607.0
316088181,39,201607.0,201607.0
316088181,1139,201612.0,201612.0
316088181,38,201612.0,201612.0
316088181,1139,201607.0,201607.0
316088181,1186,201612.0,201612.0
316088181,549,201612.0,201612.0
316088181,549,201607.0,201607.0
803399659,111,201607.0,201607.0
803399659,485,201607.0,201607.0
570077886,1383,201607.0,201607.0
676479940,1708,201607.0,201607.0
676479940,918,201607.0,201607.0
488975702,1828,201607.0,201607.0
488975702,1154,201612.0,201612.0
488975702,1154,201607.0,201607.0
488975702,2469,201607.0,201607.0
29767348,1516,201607.0,201607.0
29767348,646,201607.0,201607.0
837743488,2491,201607.0,201607.0
837743488,1255,201607.0,201607.0
837743488,338,201607.0,201607.0
837743488,1884,201607.0,201607.0
837743488,1691,201607.0,201607.0
1024794959,912,201607.0,201607.0
1024794959,1900,201607.0,201607.0
264061220,266,201612.0,201612.0
264061220,266,201607.0,201607.0
264061220,248,201607.0,201607.0
993295834,1415,201607.0,201607.0
993295834,737,201607.0,201607.0
376483949,655,201607.0,201607.0
376483949,1039,201607.0,201607.0
376483949,482,201607.0,201607.0
702990878,457,201607.0,201607.0
702990878,995,201607.0,201607.0
775549241,1404,201607.0,201607.0
775549241,203,201607.0,201607.0
775549241,543,201607.0,201607.0
775549241,1020,201607.0,201607.0
199732240,1977,201607.0,201607.0
199732240,1271,201607.0,201607.0
1059460430,1436,201607.0,201607.0
1059460430,114,201607.0,201607.0
1059460430,1436,201612.0,201612.0
1059460430,114,201609.0,201609.0
29673727,987,201612.0,201612.0
29673727,2071,201612.0,201612.0
29673727,2071,201709.0,201709.0
29673727,2071,201607.0,201607.0
451175570,1560,201609.0,201609.0
451175570,1613,201612.0,201612.0
451175570,1613,201609.0,201609.0
451175570,557,201607.0,201607.0
451175570,1429,201607.0,201607.0
451175570,1560,201607.0,201607.0
451175570,557,201609.0,201609.0
451175570,591,201609.0,201609.0
451175570,220,201607.0,201607.0
451175570,642,201612.0,201612.0
451175570,1347,201607.0,201607.0
451175570,220,201609.0,201609.0
451175570,591,201607.0,201607.0
451175570,1347,201609.0,201609.0
451175570,1429,201609.0,201609.0
530649537,956,201607.0,201607.0
530649537,1665,201607.0,201607.0
118913554,339,201607.0,201607.0
572538608,285,201607.0,201607.0
572538608,598,201607.0,201607.0
1150637501,1678,201607.0,201607.0
1150637501,25,201607.0,201607.0
532398636,2151,201607.0,201607.0
532398636,1403,201607.0,201607.0
154066294,409,201609.0,201609.0
154066294,1243,201609.0,201609.0
154066294,1243,201607.0,201607.0
154066294,409,201607.0,201607.0
346671211,964,201607.0,201607.0
346671211,329,201710.0,201710.0
346671211,1084,201607.0,201607.0
346671211,1287,201710.0,201710.0
346671211,1084,201710.0,201710.0
346671211,1196,201607.0,201607.0
346671211,329,201607.0,201607.0
346671211,177,201710.0,201710.0
346671211,177,201607.0,201607.0
346671211,964,201710.0,201710.0
346671211,1287,201607.0,201607.0
346671211,1196,201710.0,201710.0
881547330,394,201612.0,201612.0
881547330,394,201607.0,201607.0
881547330,394,201709.0,201709.0
1220212463,1699,,
1220212463,2108,201612.0,201612.0
1220212463,2313,201709.0,201709.0
1220212463,2313,201607.0,201607.0
683960584,2460,201612.0,201612.0
683960584,1059,201607.0,201607.0
683960584,1059,201612.0,201612.0
448795585,783,201607.0,201607.0
448795585,2187,201607.0,201607.0
448795585,1085,201607.0,201607.0
448795585,2187,201612.0,201612.0
1031716664,407,201607.0,201607.0
1031716664,1545,201607.0,201607.0
150680780,1098,201607.0,201607.0
150680780,1730,201607.0,201607.0
95375757,1495,201607.0,201607.0
95375757,843,201607.0,201607.0
95375757,1495,,
95375757,843,,
910718749,1291,201612.0,201612.0
910718749,1291,201607.0,201607.0
182347730,1562,201607.0,201607.0
182347730,1562,201612.0,201612.0
182347730,1562,201709.0,201709.0
1082407313,553,201607.0,201607.0
1082407313,1285,201607.0,201607.0
870389928,2228,201607.0,201607.0
870389928,2225,201607.0,201607.0
870389928,2228,201612.0,201612.0
787246286,1702,,
787246286,1702,201607.0,201607.0
787246286,2212,201607.0,201607.0
787246286,2096,201607.0,201607.0
787246286,2212,,
545113005,1476,201607.0,201607.0
545113005,1476,201709.0,201709.0
545113005,813,201609.0,201609.0
545113005,813,201612.0,201612.0
545113005,813,201607.0,201607.0
793823151,776,201607.0,201607.0
793823151,1114,201607.0,201607.0
268673627,531,201607.0,201607.0
268673627,2112,201607.0,201607.0
370733758,1080,201612.0,201612.0
370733758,1080,201709.0,201709.0
370733758,1080,201607.0,201607.0
1122732191,2220,201607.0,201607.0
1122732191,2496,201607.0,201607.0
1122732191,2496,,
1122732191,2220,201609.0,201609.0
1194652581,1753,201607.0,201607.0
669720279,2060,201607.0,201607.0
669720279,1912,201612.0,201612.0
669720279,122,201612.0,201612.0
669720279,1732,201612.0,201612.0
669720279,1912,201607.0,201607.0
669720279,2060,201612.0,201612.0
669720279,269,201612.0,201612.0
669720279,1732,201607.0,201607.0
669720279,1739,201612.0,201612.0
669720279,936,201607.0,201607.0
669720279,122,201607.0,201607.0
669720279,1739,201607.0,201607.0
669720279,1466,201607.0,201607.0
669720279,269,201607.0,201607.0
669720279,936,201612.0,201612.0
630988110,354,201607.0,201607.0
810358507,1155,201607.0,201607.0
810358507,1672,201607.0,201607.0
189837841,1573,201607.0,201607.0
189837841,303,201607.0,201607.0
1136409037,891,201607.0,201607.0
1136409037,2102,201607.0,201607.0
541074519,1853,201607.0,201607.0
401234206,1249,201607.0,201607.0
401234206,877,201607.0,201607.0
401234206,1606,201702.0,201702.0
301743547,191,201607.0,201607.0
301743547,165,201607.0,201607.0
159915398,1416,201607.0,201607.0
159915398,231,201607.0,201607.0
159915398,279,201607.0,201607.0
228182297,1743,201607.0,201607.0
228182297,237,201607.0,201607.0
222738122,1309,201607.0,201607.0
222738122,1309,201609.0,201609.0
222738122,988,201607.0,201607.0
338094005,1825,201607.0,201607.0
617917621,1388,201609.0,201609.0
617917621,2501,201609.0,201609.0
617917621,1198,201607.0,201607.0
617917621,1388,201607.0,201607.0
617917621,2501,201607.0,201607.0
617917621,1198,201609.0,201609.0
744696426,892,201607.0,201607.0
744696426,2033,201607.0,201607.0
744696426,2458,201607.0,201607.0
744696426,2033,201612.0,201612.0
744696426,1768,201607.0,201607.0
218481195,418,201607.0,201607.0
218481195,198,201607.0,201607.0
26019577,2269,201607.0,201607.0
1040633449,524,201607.0,201607.0
1040633449,335,201607.0,201607.0
1040633449,1924,201607.0,201607.0
616014124,1800,201607.0,201607.0
616014124,2297,201607.0,201607.0
945522060,1772,,
945522060,1549,201607.0,201607.0
945522060,1549,201612.0,201612.0
945522060,1772,201607.0,201607.0
945522060,1549,201609.0,201609.0
945522060,1772,201709.0,201709.0
945522060,1772,201612.0,201612.0
1059635469,1024,201607.0,201607.0
1059635469,1735,201607.0,201607.0
1059635469,962,201607.0,201607.0
1059635469,835,201607.0,201607.0
1059635469,1903,201607.0,201607.0
1059635469,390,201607.0,201607.0
1059635469,2208,201607.0,201607.0
1059635469,458,201607.0,201607.0
945761891,766,201607.0,201607.0
945761891,1408,201607.0,201607.0
901165713,1922,201607.0,201607.0
901165713,1922,201709.0,201709.0
901165713,1922,201612.0,201612.0
699829806,2191,201607.0,201607.0
699829806,1317,201607.0,201607.0
699829806,2191,,
28115559,2420,201607.0,201607.0
28115559,313,201607.0,201607.0
879756096,752,201612.0,201612.0
879756096,752,201607.0,201607.0
879756096,1614,201612.0,201612.0
879756096,1880,201607.0,201607.0
879756096,1614,201607.0,201607.0
879756096,1817,201607.0,201607.0
967759172,1838,201607.0,201607.0
967759172,963,201607.0,201607.0
404262350,163,201607.0,201607.0
836459599,941,201711.0,201711.0
967178786,1568,201711.0,201711.0
1107265345,2481,201711.0,201711.0
1107265345,2002,201711.0,201711.0
746663171,1131,201711.0,201711.0
746663171,1131,,
549474254,704,201711.0,201711.0
545311681,1956,201711.0,201711.0
15815442,729,201711.0,201711.0
168167271,911,201711.0,201711.0
168167271,1492,201711.0,201711.0
1219036670,1227,201711.0,201711.0
1150345085,1480,201711.0,201711.0
755554204,1163,201711.0,201711.0
1126050497,901,201711.0,201711.0
1126050497,1041,201710.0,201710.0
137420711,1246,201711.0,201711.0
1124643599,267,201711.0,201711.0
574767005,559,201711.0,201711.0
574767005,1410,201711.0,201711.0
780416659,1792,201711.0,201711.0
790876167,2325,201711.0,201711.0
1073389175,1908,201711.0,201711.0
1096448547,2364,201711.0,201711.0
621376826,1292,201711.0,201711.0
621376826,1538,201711.0,201711.0
621376826,1341,201711.0,201711.0
621376826,2141,201711.0,201711.0
106159112,2427,201711.0,201711.0
345305648,1565,201711.0,201711.0
664739146,756,201711.0,201711.0
1133148535,1006,201711.0,201711.0
926989116,6,201711.0,201711.0
332830883,2503,201204.0,
332830883,1959,201204.0,
332830883,882,201711.0,201711.0
124290587,364,201711.0,201711.0
1059375498,545,201711.0,201711.0
327606212,272,201711.0,201711.0
96704161,1839,201711.0,201711.0
667618892,16,,
667618892,16,201711.0,201711.0
53777500,4973,201709.0,201709.0
545755580,1917,201607.0,201607.0
545755580,965,201607.0,201607.0
223774194,4751,201612.0,201612.0
223774194,4787,201612.0,201612.0
310750637,2101,201612.0,201612.0
1184047865,5540,201607.0,201706.0
1184047865,5531,201711.0,201711.0
913345620,6438,,
913345620,194,,
312782663,1510,201607.0,201702.0
124575170,3264,201607.0,201612.0
124575170,5665,201607.0,201612.0
615971298,707,201607.0,201702.0
615971298,4748,201607.0,201702.0
615971298,3134,201607.0,201702.0
2051381,1497,201607.0,201707.0
15552179,1087,201612.0,201612.0
704025503,2540,201712.0,201712.0
704025503,1001,201712.0,201712.0
704025503,2537,201712.0,201712.0
704025503,1001,201709.0,201709.0
704025503,2537,201709.0,201709.0
704025503,2540,201709.0,201709.0
704025503,2537,201712.0,201712.0
704025503,2540,201712.0,201712.0
63165459,5998,201607.0,201612.0
63165459,5879,201607.0,201612.0
63165459,5824,201702.0,201702.0
63165459,1381,201702.0,201702.0
464689898,272,201612.0,201612.0
464689898,4624,201711.0,201711.0
464689898,4521,201612.0,201612.0
464689898,4521,201711.0,201711.0
464689898,4624,201612.0,201612.0
603439209,1670,201612.0,201612.0
603439209,4976,201612.0,201612.0
186538560,155,201612.0,201612.0
758849273,236,201612.0,201612.0
599400533,3662,201711.0,201711.0
690177370,4847,201612.0,201612.0
994377140,6575,201612.0,201612.0
994377140,4165,,
721512872,5387,201711.0,201711.0
721512872,6068,201607.0,201607.0
273089396,4621,,
582631559,921,,
779789754,1782,,
246373582,4475,201712.0,201712.0
246373582,4475,201712.0,201712.0
147245743,4978,201711.0,201711.0
789380757,2801,201607.0,201607.0
789380757,4901,201607.0,201607.0
555629327,2076,201711.0,201711.0
555629327,2076,201712.0,201712.0
690795951,5272,,
477014025,183,201607.0,201607.0
477014025,3735,201607.0,201607.0
477014025,123,201607.0,201607.0
936946450,1961,201709.0,201709.0
936946450,1089,201709.0,201709.0
1074283757,6411,,
1074283757,6411,,
1074283757,5283,,
572174664,4336,,
572174664,1739,,
1020606618,2333,201711.0,201711.0
164756503,6083,201801.0,201801.0
501893092,3709,201612.0,201612.0
501893092,4295,201612.0,201612.0
60728002,1645,201612.0,201612.0
260626730,5875,201711.0,201711.0
961342330,960,201711.0,201711.0
961342330,960,201801.0,201801.0
961342330,961,201607.0,201612.0
961342330,4977,201710.0,201710.0
961342330,961,201801.0,201801.0
40431646,6000,201711.0,201711.0
944292542,4067,201607.0,201609.0
574628572,3419,201712.0,201712.0
1086151159,4515,201612.0,201612.0
1086151159,5582,201612.0,201612.0
1086151159,5545,201709.0,201709.0
1086151159,5545,201607.0,201609.0
1086151159,5545,201612.0,201612.0
1086151159,4567,201612.0,201612.0
1169937673,1531,,
1169937673,625,201711.0,201711.0
1169937673,4961,201711.0,201711.0
935913967,4225,201607.0,201702.0
20689540,5526,,
970812071,6887,,
2126661,121,200910.0,
1087113602,3652,,
640404632,3409,201607.0,201702.0
628540474,3005,201607.0,201708.0
950012650,1587,201710.0,201710.0
950012650,1547,,
950012650,5107,,
950012650,1082,,
950012650,2225,,
950012650,3456,201609.0,201609.0
950012650,6173,201607.0,201607.0
950012650,767,201607.0,201607.0
950012650,6889,201710.0,201710.0
443270860,4120,,
443270860,3444,,
375066805,431,201106.0,
375066805,378,201106.0,
375066805,6199,201106.0,
375066805,2095,201106.0,
538786780,4004,201801.0,201801.0
1140496964,2883,200609.0,
1140496964,1967,201612.0,201612.0
1140496964,1544,201612.0,201612.0
998830459,2197,200806.0,
998830459,2796,201612.0,201612.0
998830459,1600,200806.0,
998830459,1599,201612.0,201612.0
998830459,1598,200806.0,
54456367,3821,201612.0,201612.0
596870767,618,,
46754004,1689,,
46754004,1905,201607.0,201607.0
1211758009,4618,201709.0,201709.0
1211758009,1619,201607.0,201702.0
1211758009,4837,201607.0,201702.0
1211758009,2542,,
856465520,1825,201711.0,201711.0
1126254280,578,201612.0,201612.0
637198672,4713,201709.0,201709.0
637198672,4548,201712.0,201712.0
637198672,2187,201709.0,201709.0
637198672,4548,201712.0,201712.0
742531827,1766,201607.0,201607.0
742531827,574,201607.0,201607.0
930719951,5426,201711.0,201711.0
7276600,1617,201607.0,201702.0
68108625,2442,201711.0,201711.0
68108625,2454,,
68108625,6054,201711.0,201711.0
727076239,5442,201607.0,201708.0
842601360,3605,201112.0,
842601360,5999,201112.0,
179267227,253,201711.0,201711.0
179267227,253,201712.0,201712.0
179267227,239,201612.0,201612.0
179267227,239,201801.0,201801.0
179267227,253,201712.0,201712.0
634390566,5003,201612.0,201612.0
634390566,5026,201612.0,201612.0
924244394,2271,201607.0,201607.0
924244394,1717,201607.0,201607.0
736167810,1564,201801.0,201801.0
736167810,1605,201711.0,201711.0
736167810,1578,201801.0,201801.0
736167810,1610,201801.0,201801.0
736167810,1579,201801.0,201801.0
736167810,1608,201801.0,201801.0
736167810,1605,201801.0,201801.0
736167810,1578,201711.0,201711.0
434626360,6444,,
1057471003,672,201612.0,201612.0
1057471003,603,201612.0,201612.0
591644361,1823,201711.0,201711.0
464134803,4215,,
464134803,3613,201802.0,201802.0
464134803,5844,201802.0,201802.0
22968352,232,201607.0,201607.0
22968352,2599,,
22968352,4036,,
22968352,3889,,
22968352,4623,,
22968352,891,,
22968352,643,,
22968352,2254,,
22968352,555,,
22968352,6033,,
22968352,6895,,
22968352,3761,,
22968352,1208,,
22968352,6390,,
22968352,1983,,
22968352,232,,
22968352,3223,,
1059696849,2190,201607.0,201707.0
807391640,455,201612.0,201612.0
1094121304,831,,
1094121304,4710,201612.0,201612.0
838492028,4384,,
372517610,5550,201607.0,201707.0
1002303049,1298,201801.0,201801.0
1002303049,2413,201801.0,201801.0
333660563,4255,201612.0,201612.0
333660563,4560,201711.0,201711.0
333660563,4560,201612.0,201612.0
555595046,862,201612.0,201612.0
72275743,2174,201709.0,201709.0
72275743,4531,201709.0,201709.0
158286222,1121,201711.0,201711.0
232516341,1321,201710.0,201710.0
232516341,1320,201711.0,201711.0
232516341,1335,201710.0,201710.0
232516341,1319,201711.0,201711.0
610463735,2986,201612.0,201612.0
43814551,4177,201612.0,201612.0
43814551,1867,201612.0,201612.0
28899692,5886,,
681263154,5453,201711.0,201711.0
643924098,5880,,
643924098,5900,201705.0,201705.0
643924098,5969,201712.0,201712.0
643924098,5969,201712.0,201712.0
643924098,6350,201712.0,201712.0
643924098,6350,201712.0,201712.0
643924098,3304,201607.0,201705.0
643924098,6518,201607.0,201612.0
643924098,5917,201702.0,201705.0
643924098,1096,201710.0,201710.0
496737215,193,201711.0,201711.0
646340285,3691,201708.0,201708.0
646340285,2163,201708.0,201708.0
646340285,1911,201708.0,201708.0
646340285,3308,201708.0,201708.0
646340285,2362,201708.0,201708.0
1225411190,4849,201607.0,201702.0
1225411190,893,201607.0,201702.0
1225411190,2683,201607.0,201705.0
700578529,2798,201609.0,201706.0
284484051,3230,201607.0,201607.0
284484051,5532,201702.0,201708.0
284484051,5508,201702.0,201708.0
284484051,2447,201607.0,201607.0
1047477702,2643,201612.0,201612.0
942317928,897,201612.0,201612.0
942317928,120,201612.0,201612.0
1028531518,3977,,
25315744,2710,201709.0,201709.0
25315744,5242,201709.0,201709.0
25315744,5242,201801.0,201801.0
25315744,3748,201607.0,201607.0
25315744,1647,201801.0,201801.0
25315744,5242,201712.0,201712.0
25315744,85,,
25315744,928,201607.0,201607.0
25315744,3850,201801.0,201801.0
25315744,2710,201712.0,201712.0
25315744,1437,201607.0,201607.0
25315744,5242,201712.0,201712.0
25315744,3850,201712.0,201712.0
25315744,5301,201607.0,201607.0
25315744,2710,201712.0,201712.0
25315744,1647,201712.0,201712.0
25315744,2710,201612.0,201612.0
25315744,978,201709.0,201709.0
25315744,978,201711.0,201711.0
25315744,85,,
25315744,1647,201709.0,201709.0
25315744,3850,201709.0,201709.0
25315744,2710,201801.0,201801.0
53835321,1419,201607.0,201612.0
45163949,204,201612.0,201612.0
403124040,295,201612.0,201612.0
198802340,5081,201612.0,201612.0
219126679,6703,201607.0,201702.0
697910280,260,,
1222576927,648,201702.0,201702.0
553061350,6303,,
553061350,2148,,
480372201,2306,201607.0,201705.0
480372201,4259,201607.0,201705.0
1120440764,2587,,
631111152,6684,,
766391861,1483,201711.0,201711.0
766391861,6135,201612.0,201612.0
766391861,1483,201612.0,201612.0
422459086,3148,201612.0,201612.0
422459086,2908,,
485566966,4060,201709.0,201709.0
535938768,1490,201612.0,201612.0
535938768,5609,201612.0,201612.0
579445218,5084,201702.0,201702.0
556931102,2809,201711.0,201711.0
556931102,2809,201712.0,201712.0
496937231,4457,201711.0,201711.0
496937231,1751,201711.0,201711.0
496937231,4139,201711.0,201711.0
1156654650,244,201801.0,201801.0
1156654650,242,201612.0,201612.0
1156654650,241,201612.0,201612.0
1156654650,243,201612.0,201612.0
67264605,5761,201607.0,201607.0
1208312381,5287,201712.0,201712.0
1208312381,5287,201712.0,201712.0
1208312381,1415,201709.0,201709.0
1208312381,6660,201711.0,201711.0
1117724341,2888,201612.0,201612.0
87092606,4090,201711.0,201711.0
87092606,2926,201612.0,201612.0
87092606,2926,201612.0,201612.0
901191031,5509,201801.0,201801.0
940460706,1187,201801.0,201801.0
949873187,6179,201712.0,201712.0
949873187,303,201710.0,201710.0
949873187,303,201711.0,201711.0
949873187,303,201709.0,201709.0
949873187,3915,201712.0,201712.0
949873187,303,201607.0,201607.0
949873187,3915,201709.0,201709.0
949873187,6179,201709.0,201709.0
949873187,3915,201712.0,201712.0
949873187,303,,
949873187,6179,,
667453278,6369,,
667453278,903,,
114822988,2986,201607.0,201607.0
178105663,6435,201801.0,201801.0
664875663,1512,,
948701265,5101,201711.0,201711.0
948701265,5101,201612.0,201612.0
693267795,6415,200902.0,
693267795,2330,,
393460655,83,201709.0,201709.0
393460655,84,,
393460655,83,201712.0,201712.0
393460655,83,201712.0,201712.0
518841562,859,201711.0,201711.0
78986550,1357,201711.0,201711.0
78986550,1342,201711.0,201711.0
78986550,5818,201711.0,201711.0
78986550,1286,201711.0,201711.0
837237594,2208,201607.0,201702.0
393529853,214,201712.0,201712.0
393529853,225,201712.0,201712.0
393529853,214,201712.0,201712.0
393529853,225,201712.0,201712.0
207241268,6870,201311.0,
263177201,2460,201711.0,201711.0
263177201,2182,201711.0,201711.0
922543873,4910,201607.0,201607.0
922543873,4910,201612.0,201612.0
922543873,4910,201612.0,201612.0
956601166,1273,201612.0,201612.0
956601166,2690,201612.0,201612.0
869972366,1713,201607.0,201607.0
1033165268,1293,201612.0,201612.0
1033165268,5062,201612.0,201612.0
1033165268,5063,201612.0,201612.0
751009818,5607,201612.0,201612.0
669730926,2025,201607.0,201708.0
839764982,5147,201607.0,201607.0
839764982,366,201607.0,201607.0
22065829,2660,201607.0,201705.0
999939302,192,201612.0,201612.0
999939302,858,201612.0,201612.0
69056627,5227,201607.0,201707.0
1005025210,1414,201607.0,201607.0
1005025210,1414,201612.0,201612.0
401087436,5224,201607.0,201612.0
283938986,6726,201607.0,201612.0
1044138027,1403,201607.0,201607.0
1044138027,884,201607.0,201607.0
1073542190,5995,201612.0,201612.0
13279008,6623,201612.0,201612.0
13279008,5088,201612.0,201612.0
459023004,314,201612.0,201612.0
406704808,1749,201612.0,201612.0
841110875,6681,201612.0,201612.0
699691718,6028,201612.0,201612.0
531581433,6003,201710.0,201710.0
531581433,3899,201607.0,201705.0
531581433,6386,201607.0,201705.0
531581433,465,201710.0,201710.0
137817615,3227,201612.0,201612.0
516287023,810,201607.0,201607.0
516287023,2739,201607.0,201607.0
516287023,3290,201607.0,201607.0
534024185,75,,
534024185,14,,
534024185,77,,
401822332,1394,201612.0,201612.0
401822332,6659,201612.0,201612.0
661526755,987,201607.0,201612.0
661526755,4846,201607.0,201612.0
265414334,1738,201607.0,201707.0
11826214,383,201607.0,201707.0
11826214,4438,,
11826214,5441,201607.0,201607.0
1083242133,3253,,
207210491,1077,201712.0,201712.0
207210491,1077,201711.0,201711.0
207210491,1077,201712.0,201712.0
31643522,2811,201612.0,201612.0
31643522,6025,201612.0,201612.0
529429475,1875,201612.0,201612.0
529429475,2664,201709.0,201709.0
529429475,1871,201709.0,201709.0
529429475,1871,201612.0,201612.0
643021215,3829,201612.0,201612.0
643021215,3404,201612.0,201612.0
643021215,6780,201612.0,201612.0
808471480,4302,201607.0,201612.0
808471480,6616,201607.0,201612.0
808471480,6309,201607.0,201612.0
258497547,4009,201612.0,201612.0
243587902,2477,201607.0,201612.0
575657270,1892,201612.0,201612.0
575657270,6032,201607.0,201609.0
575657270,6032,201607.0,201612.0
575657270,1892,201607.0,201609.0
575657270,6032,201612.0,201612.0
396463706,4705,201607.0,201702.0
396463706,2412,201607.0,201702.0
374438188,3318,,
996346552,4833,201607.0,201612.0
389792581,6371,201612.0,201612.0
389792581,5285,201612.0,201612.0
389792581,1441,201612.0,201612.0
771672489,2277,201607.0,201612.0
771672489,2180,201607.0,201612.0
718154070,3768,201609.0,201702.0
718154070,3768,201802.0,201802.0
614125878,5087,201607.0,201702.0
885174822,6527,201612.0,201612.0
885174822,3013,201801.0,201801.0
885174822,2987,201801.0,201801.0
1121113591,1027,201709.0,201709.0
360000965,1618,201702.0,201702.0
360000965,775,201702.0,201702.0
360000965,5298,201607.0,201612.0
360000965,330,201607.0,201612.0
119477212,1609,201612.0,201612.0
119477212,1609,,
457395023,5901,201612.0,201612.0
457395023,5905,201612.0,201612.0
1211284469,6736,201612.0,201612.0
1211284469,6736,,
938612674,6195,201801.0,201801.0
19455763,1915,201612.0,201612.0
1195466368,3770,201609.0,201702.0
1154333376,2818,201612.0,201612.0
1067859507,1137,201709.0,201709.0
1067859507,1139,201709.0,201709.0
1067859507,1138,201607.0,201607.0
1067859507,1112,201607.0,201612.0
1067859507,1139,201612.0,201612.0
462302367,4006,201612.0,201612.0
287779162,2640,201607.0,201702.0
287779162,2639,201710.0,201710.0
675476475,4406,,
364342086,1646,201801.0,201801.0
364342086,1646,201607.0,201607.0
364342086,5908,201607.0,201708.0
364342086,1636,201802.0,201802.0
750561366,5031,,
644689618,679,201801.0,201801.0
644689618,850,201801.0,201801.0
644689618,2776,201612.0,201612.0
941583063,569,,
941583063,1501,201607.0,201705.0
774113585,5623,,
478694836,5295,201607.0,201702.0
506443763,6275,201612.0,201612.0
611321799,5338,,
948104384,3073,201712.0,201712.0
948104384,4541,201702.0,201705.0
948104384,3945,201607.0,201607.0
948104384,2493,201607.0,201607.0
40457119,4634,201802.0,201802.0
40457119,1372,201612.0,201612.0
40457119,1372,201710.0,201710.0
598198250,1215,,
598198250,1215,201612.0,201612.0
459684640,5803,,
434519880,6035,201711.0,201711.0
179960664,865,201612.0,201612.0
179960664,5348,201612.0,201612.0
744842689,1996,201612.0,201612.0
744842689,3400,201612.0,201612.0
585860142,2050,201607.0,201702.0
585860142,4477,,
585860142,3932,201801.0,201801.0
585860142,4569,,
585860142,882,201607.0,201706.0
585860142,3922,,
928696482,3040,,
130306957,1314,201607.0,201612.0
240392360,3878,201710.0,201710.0
329539667,4368,201607.0,201607.0
329539667,1914,201607.0,201612.0
329539667,3929,201702.0,201702.0
239387936,4324,201801.0,201801.0
239387936,1295,201801.0,201801.0
472827001,2723,201612.0,201612.0
472827001,2723,201607.0,201609.0
472827001,1127,201612.0,201612.0
1171511095,1884,201607.0,201607.0
1171511095,467,201607.0,201702.0
767375501,1146,201711.0,201711.0
767375501,4487,,
767375501,1410,200304.0,
119697720,4860,201612.0,201612.0
119697720,6489,201612.0,201612.0
119697720,479,201612.0,201612.0
119697720,4872,201612.0,201612.0
119697720,6488,201612.0,201612.0
430919330,2619,200411.0,
430919330,1170,201612.0,201612.0
767226738,1982,200606.0,
767226738,2311,200606.0,
962601334,4297,200810.0,
962601334,3827,,
405772950,2635,201612.0,201612.0
405772950,5233,201607.0,201607.0
1232004753,3839,200104.0,
1232004753,5156,201612.0,201612.0
1232004753,2512,201612.0,201612.0
1232004753,1229,200104.0,
1232004753,1198,200104.0,
1232004753,3461,201612.0,201612.0
1232004753,1039,200104.0,
1232004753,1043,200104.0,
1232004753,3547,201612.0,201612.0
1232004753,6148,200104.0,
1232004753,4681,200104.0,
1232004753,5919,200104.0,
1232004753,1307,200104.0,
1232004753,967,200104.0,
1232004753,5682,200104.0,
1232004753,1011,200104.0,
886996058,2959,201612.0,201612.0
886996058,1922,200408.0,
886996058,415,201612.0,201612.0
886996058,3790,201612.0,201612.0
553685277,1165,201612.0,201612.0
70915199,5352,,
70915199,5329,201612.0,201612.0
70915199,6348,200509.0,
70915199,5329,,
550415772,3781,,
337195177,4887,200609.0,
269932268,4918,201612.0,201612.0
675480021,6048,201612.0,201612.0
1224295423,3596,201612.0,201612.0
1224295423,5331,201612.0,201612.0
1224295423,5143,201612.0,201612.0
1050453099,4102,201612.0,201612.0
917976913,6909,201711.0,201711.0
957215448,6058,200312.0,
957215448,119,200312.0,
957215448,6024,201612.0,201612.0
957215448,1842,200312.0,
957215448,1898,200312.0,
1199762353,2424,,
203067930,299,201607.0,201612.0
294479919,3820,201607.0,201607.0
838626496,1907,201612.0,201612.0
838626496,4364,201612.0,201612.0
1038693286,5066,,
1038693286,5066,201702.0,201702.0
1038693286,5074,201607.0,201612.0
916488538,1323,201709.0,201709.0
685554294,394,201612.0,201612.0
607227148,2425,,
396733833,2029,,
950493965,326,,
1085504050,339,201612.0,201612.0
128182389,6243,201607.0,201607.0
128182389,3399,201612.0,201612.0
128182389,6243,201612.0,201612.0
409706163,1581,201710.0,201710.0
409706163,2166,201710.0,201710.0
42195545,4679,201612.0,201612.0
45220215,4652,201607.0,201612.0
45220215,1052,201702.0,201702.0
569610500,3583,,
940111048,2206,201612.0,201612.0
940111048,5757,201612.0,201612.0
940111048,6367,,
940111048,3620,201612.0,201612.0
940111048,6241,201612.0,201612.0
940111048,4953,200609.0,
1127568345,1445,201711.0,201711.0
704849176,6027,201709.0,201709.0
261130420,1185,201801.0,201801.0
261130420,2313,201801.0,201801.0
646283229,5953,201612.0,201612.0
646283229,5955,200412.0,
108043142,2480,,
657953784,4155,201709.0,201709.0
978334501,4022,200807.0,
978334501,6352,200807.0,
978334501,5903,200807.0,
978334501,6811,200807.0,
131512759,3603,201607.0,201612.0
131512759,3901,201607.0,201612.0
677131686,4066,201801.0,201801.0
439237366,5897,201612.0,201612.0
1108246963,5504,,
1162466728,4479,201710.0,201710.0
1162466728,4479,201607.0,201702.0
1195913954,4942,201710.0,201710.0
1195913954,1743,201710.0,201710.0
1019632003,2847,201709.0,201709.0
1019632003,5961,201709.0,201709.0
928708857,2586,201709.0,201709.0
1134080943,766,201607.0,201607.0
1133276695,1448,201607.0,201702.0
391063879,2803,201612.0,201612.0
1013720303,6058,201710.0,201710.0
686166412,5956,201612.0,201612.0
489262081,4792,201607.0,201612.0
489262081,4792,201612.0,201612.0
1199729421,1829,201612.0,201612.0
1199729421,1829,201607.0,201607.0
1199729421,1826,201612.0,201612.0
353268936,6102,201607.0,201612.0
353268936,944,201607.0,201612.0
353268936,3780,201702.0,201708.0
353268936,1620,201607.0,201612.0
885933834,5796,201712.0,201712.0
885933834,5796,201712.0,201712.0
885933834,5796,,
188201477,358,201712.0,201712.0
188201477,4639,201709.0,201709.0
188201477,1964,201709.0,201709.0
188201477,5187,201712.0,201712.0
349194971,5673,201712.0,201712.0
61155472,715,201801.0,201801.0
61155472,715,201712.0,201712.0
61155472,4204,201712.0,201712.0
61155472,715,201612.0,201612.0
61155472,4204,201612.0,201612.0
601154056,1463,201712.0,201712.0
601154056,319,201612.0,201612.0
601154056,1463,201612.0,201612.0
162983192,580,201712.0,201712.0
162983192,668,201801.0,201801.0
162983192,580,201612.0,201612.0
684700995,1522,201712.0,201712.0
684700995,1522,201712.0,201712.0
242234409,6737,201712.0,201712.0
196822628,5729,201712.0,201712.0
549903142,6347,201712.0,201712.0
549903142,2383,201712.0,201712.0
549903142,6347,201712.0,201712.0
549903142,3367,201712.0,201712.0
549903142,6228,201712.0,201712.0
549903142,2383,201712.0,201712.0
163842820,5202,201801.0,201801.0
163842820,5202,201712.0,201712.0
163842820,5202,201709.0,201709.0
284017529,1524,201712.0,201712.0
284017529,4983,201712.0,201712.0
284017529,6454,201712.0,201712.0
284017529,6400,201712.0,201712.0
284017529,6400,201712.0,201712.0
556894200,6378,,
556894200,1126,201712.0,201712.0
556894200,3528,201607.0,201702.0
556894200,1126,201712.0,201712.0
556894200,6666,201607.0,201702.0
119305795,1460,201712.0,201712.0
119305795,1460,201712.0,201712.0
119305795,4804,201712.0,201712.0
119305795,4804,201712.0,201712.0
250115004,6492,201607.0,201702.0
250115004,3140,201607.0,201702.0
250115004,3859,201712.0,201712.0
681360485,1629,201712.0,201712.0
362741838,5677,201712.0,201712.0
362741838,5677,201712.0,201712.0
1211820076,3074,201712.0,201712.0
894671305,3873,201712.0,201712.0
894671305,3873,201712.0,201712.0
512107707,6841,201712.0,201712.0
331529733,351,201712.0,201712.0
331529733,351,201712.0,201712.0
951390025,2193,201712.0,201712.0
234681025,5217,201801.0,201801.0
234681025,5222,201712.0,201712.0
787147017,6316,,
239232586,1274,201607.0,201707.0
239232586,1250,201712.0,201712.0
899947531,2988,201712.0,201712.0
899947531,1862,201801.0,201801.0
899947531,1862,201802.0,201802.0
32314617,2835,201712.0,201712.0
1026114200,6266,201712.0,201712.0
1026114200,3280,201712.0,201712.0
1026114200,4692,201607.0,201702.0
1026114200,5949,201607.0,201702.0
69522839,2347,201712.0,201712.0
69522839,5364,201712.0,201712.0
69522839,5332,201709.0,201709.0
69522839,5332,201801.0,201801.0
69522839,5332,201712.0,201712.0
69522839,3531,201712.0,201712.0
69522839,979,,
377208493,6540,201709.0,201709.0
377208493,422,,
216706380,3554,201712.0,201712.0
10231403,1044,201712.0,201712.0
773323605,5391,201712.0,201712.0
1085422569,1866,201607.0,201612.0
1085422569,2062,201712.0,201712.0
1085422569,2062,201712.0,201712.0
1052240272,5195,201712.0,201712.0
1052240272,5195,201712.0,201712.0
793145101,605,201607.0,201607.0
365691958,2292,201612.0,201612.0
365691958,2292,201712.0,201712.0
365691958,2292,201712.0,201712.0
365691958,1019,201712.0,201712.0
365691958,1019,201712.0,201712.0
762715586,4865,,
762715586,6734,201612.0,201612.0
762715586,6734,,
762715586,2597,201712.0,201712.0
762715586,2597,201712.0,201712.0
762715586,3882,,
762715586,6859,201712.0,201712.0
762715586,709,,
762715586,1224,201712.0,201712.0
762715586,1023,,
762715586,5806,201801.0,201801.0
762715586,955,201712.0,201712.0
762715586,6198,,
762715586,4865,201801.0,201801.0
762715586,5928,,
762715586,5948,,
762715586,2126,,
762715586,4741,,
762715586,1422,,
762715586,5806,,
286466904,6212,201712.0,201712.0
286466904,3543,201712.0,201712.0
286466904,3543,201712.0,201712.0
186993512,6727,,
186993512,6722,201712.0,201712.0
605940031,2600,201712.0,201712.0
605940031,2600,201712.0,201712.0
605940031,2600,,
605940031,2044,,
285546900,1162,201712.0,201712.0
285546900,1162,201712.0,201712.0
27679069,1045,201712.0,201712.0
27679069,1045,201712.0,201712.0
27679069,4687,201801.0,201801.0
22571132,6185,201607.0,201708.0
22571132,4549,201607.0,201708.0
22571132,1529,201712.0,201712.0
22571132,1529,201712.0,201712.0
1162074182,6341,201801.0,201801.0
564221224,5766,201712.0,201712.0
564221224,5766,201712.0,201712.0
761613431,5125,201607.0,201702.0
761613431,3592,201801.0,201801.0
761613431,5100,201712.0,201712.0
1160048160,2142,201712.0,201712.0
1160048160,2142,201712.0,201712.0
115557824,1051,201712.0,201712.0
115557824,1051,201712.0,201712.0
1063940659,3507,201712.0,201712.0
184267873,5148,201712.0,201712.0
184267873,5148,201712.0,201712.0
184267873,5153,201612.0,201612.0
184267873,5148,201612.0,201612.0
1122027783,6078,201712.0,201712.0
1122027783,6101,201612.0,201612.0
1122027783,6078,201712.0,201712.0
347604803,710,201709.0,201709.0
347604803,5944,201709.0,201709.0
347604803,3358,201709.0,201709.0
347604803,847,201709.0,201709.0
49303527,4750,,
49303527,1423,,
49303527,2476,,
49303527,1916,,
720865661,1180,201612.0,201612.0
720865661,5962,201612.0,201612.0
300600833,2444,201711.0,201711.0
1093704728,6645,201607.0,201612.0
1093704728,6645,201710.0,201710.0
1165193070,6872,201709.0,201709.0
1165193070,6752,201709.0,201709.0
1165193070,5457,201709.0,201709.0
1165193070,6844,201709.0,201709.0
1165193070,5464,201709.0,201709.0
1165193070,3183,201709.0,201709.0
1165193070,5622,201709.0,201709.0
1165193070,2530,201709.0,201709.0
1165193070,6717,201709.0,201709.0
1165193070,5458,201709.0,201709.0
1165193070,6860,201709.0,201709.0
1165193070,5933,201709.0,201709.0
1165193070,826,201709.0,201709.0
1165193070,5926,201709.0,201709.0
1165193070,2298,201709.0,201709.0
1165193070,6744,201709.0,201709.0
1165193070,5748,201709.0,201709.0
1165193070,2662,201709.0,201709.0
1165193070,2529,201709.0,201709.0
1165193070,5471,201709.0,201709.0
1165193070,238,201709.0,201709.0
1165193070,6846,201709.0,201709.0
1165193070,635,201709.0,201709.0
1165193070,3164,201709.0,201709.0
1165193070,3266,201709.0,201709.0
1165193070,407,201709.0,201709.0
1165193070,2910,201709.0,201709.0
1165193070,6761,201709.0,201709.0
1165193070,3630,201709.0,201709.0
1165193070,638,201709.0,201709.0
1165193070,6250,201709.0,201709.0
1165193070,6815,201709.0,201709.0
1165193070,6721,201709.0,201709.0
1165193070,6762,201709.0,201709.0
1165193070,6816,201709.0,201709.0
1165193070,720,201709.0,201709.0
1165193070,636,201709.0,201709.0
1165193070,639,201709.0,201709.0
1165193070,6820,201709.0,201709.0
1165193070,6845,201709.0,201709.0
1165193070,2691,201709.0,201709.0
1165193070,6716,201709.0,201709.0
1165193070,2903,201709.0,201709.0
1165193070,5463,201709.0,201709.0
1165193070,1151,201709.0,201709.0
1165193070,640,201709.0,201709.0
1165193070,6753,201709.0,201709.0
1165193070,5459,201709.0,201709.0
1165193070,721,201709.0,201709.0
1165193070,828,201709.0,201709.0
1165193070,2965,201709.0,201709.0
1165193070,6207,201709.0,201709.0
1165193070,722,201709.0,201709.0
1165193070,6851,201709.0,201709.0
1165193070,2285,201709.0,201709.0
1165193070,6172,201709.0,201709.0
1165193070,5924,201709.0,201709.0
1165193070,5698,201709.0,201709.0
1165193070,2557,201709.0,201709.0
1165193070,982,201709.0,201709.0
1165193070,2286,201709.0,201709.0
1165193070,5460,201709.0,201709.0
1165193070,5942,201709.0,201709.0
207715512,3994,201709.0,201709.0
207715512,6026,,
207715512,5859,201709.0,201709.0
207715512,5704,201709.0,201709.0
207715512,642,201709.0,201709.0
770767650,5812,201710.0,201710.0
485493682,3310,201607.0,201612.0
556838756,2093,,
556838756,2092,,
556838756,1035,201607.0,201705.0
1165153101,1464,201709.0,201709.0
1165153101,3703,201709.0,201709.0
1165153101,2924,201709.0,201709.0
1165153101,3704,201709.0,201709.0
1165153101,2722,201709.0,201709.0
1165153101,6658,201709.0,201709.0
1165153101,2820,201709.0,201709.0
1165153101,764,201709.0,201709.0
1165153101,6461,201709.0,201709.0
1165153101,4468,201709.0,201709.0
1165153101,6143,201709.0,201709.0
1165153101,2381,201709.0,201709.0
1165153101,4366,201709.0,201709.0
1165153101,3004,201709.0,201709.0
1165153101,4077,201709.0,201709.0
1165153101,6467,201709.0,201709.0
1165153101,2825,201709.0,201709.0
1165153101,6652,201709.0,201709.0
1165153101,6017,201709.0,201709.0
1165153101,6220,201709.0,201709.0
1165153101,3695,201709.0,201709.0
1165153101,4367,201709.0,201709.0
1165153101,774,201709.0,201709.0
1165153101,2567,201709.0,201709.0
1165153101,2757,201709.0,201709.0
1165153101,4304,201709.0,201709.0
1165153101,812,201709.0,201709.0
1165153101,2731,201709.0,201709.0
1165153101,2872,201709.0,201709.0
1165153101,6651,201709.0,201709.0
1165153101,757,201709.0,201709.0
1165153101,2994,201709.0,201709.0
1165153101,3706,201709.0,201709.0
1165153101,2772,201709.0,201709.0
1165153101,5002,201709.0,201709.0
1165153101,2467,201709.0,201709.0
1165153101,2819,201709.0,201709.0
1165153101,6046,201709.0,201709.0
1165153101,2732,201709.0,201709.0
1165153101,3707,201709.0,201709.0
1165153101,5839,201709.0,201709.0
1165153101,127,201709.0,201709.0
1165153101,4080,201709.0,201709.0
1165153101,3702,201709.0,201709.0
1165153101,6052,201709.0,201709.0
1165153101,4921,201709.0,201709.0
1165153101,1919,201709.0,201709.0
1165153101,4252,201709.0,201709.0
1165153101,3188,201709.0,201709.0
1165153101,3245,201709.0,201709.0
1165153101,5967,201709.0,201709.0
1165153101,133,201709.0,201709.0
1165153101,3705,201709.0,201709.0
1165153101,6605,201709.0,201709.0
1165153101,6562,201709.0,201709.0
1165153101,799,201709.0,201709.0
1165153101,4057,201709.0,201709.0
1165153101,2569,201709.0,201709.0
1165153101,3809,201709.0,201709.0
1165153101,3099,201709.0,201709.0
1165153101,2901,201709.0,201709.0
1165153101,6219,201709.0,201709.0
1165153101,3700,201709.0,201709.0
1165153101,2543,201709.0,201709.0
1165153101,3812,201709.0,201709.0
1165153101,4680,201709.0,201709.0
1165153101,3042,201709.0,201709.0
1165153101,4640,201709.0,201709.0
1165153101,4151,201709.0,201709.0
1165153101,5323,201709.0,201709.0
1165153101,3989,201709.0,201709.0
1165153101,5162,201709.0,201709.0
1165153101,3808,201709.0,201709.0
1165153101,4664,201709.0,201709.0
1165153101,2712,201709.0,201709.0
1165153101,3759,201709.0,201709.0
1165153101,2813,201709.0,201709.0
1165153101,3699,201709.0,201709.0
1165153101,6436,201709.0,201709.0
1165153101,4044,201709.0,201709.0
1165153101,3843,201709.0,201709.0
1165153101,2736,201709.0,201709.0
1165153101,2963,201709.0,201709.0
1165153101,797,201709.0,201709.0
1165153101,2780,201709.0,201709.0
1165153101,3094,201709.0,201709.0
1165153101,2711,201709.0,201709.0
1165153101,6001,201709.0,201709.0
1165153101,6597,201709.0,201709.0
1165153101,3831,201709.0,201709.0
1165153101,5693,201709.0,201709.0
1165153101,2531,201709.0,201709.0
1165153101,2790,201709.0,201709.0
1165153101,2985,201709.0,201709.0
1165153101,2725,201709.0,201709.0
1165153101,2770,201709.0,201709.0
1165153101,2730,201709.0,201709.0
1165153101,3009,201709.0,201709.0
1165153101,6472,201709.0,201709.0
1165153101,2715,201709.0,201709.0
1165153101,6016,201709.0,201709.0
1165153101,5815,201709.0,201709.0
1165153101,4075,201709.0,201709.0
1165153101,2544,201709.0,201709.0
1165153101,3800,201709.0,201709.0
1165153101,2441,201709.0,201709.0
1165153101,1269,201709.0,201709.0
1165153101,4425,201709.0,201709.0
1165153101,4095,201709.0,201709.0
1165153101,4228,201709.0,201709.0
1165153101,3801,201709.0,201709.0
1165153101,4017,201709.0,201709.0
1165153101,6094,201709.0,201709.0
1165153101,3084,201709.0,201709.0
1165153101,4372,201709.0,201709.0
1165153101,5190,201709.0,201709.0
1165153101,3832,201709.0,201709.0
240918338,4857,201710.0,201710.0
240918338,4857,,
1197806222,2846,201711.0,201711.0
1197806222,4909,,
968571103,2868,201801.0,201801.0
968571103,3027,201607.0,201607.0
968571103,3027,201612.0,201612.0
70562840,4150,,
826854923,282,,
826854923,1768,201801.0,201801.0
640268003,2860,201607.0,201612.0
589139545,6621,201711.0,201711.0
589139545,6667,201711.0,201711.0
589139545,4919,201801.0,201801.0
589139545,6607,201711.0,201711.0
589139545,3996,201801.0,201801.0
589139545,3996,201711.0,201711.0
589139545,6655,201711.0,201711.0
589139545,3934,201711.0,201711.0
589139545,6621,201801.0,201801.0
589139545,4919,201711.0,201711.0
589139545,3934,201801.0,201801.0
633603231,762,,
633603231,3161,,
528468029,6346,201712.0,201712.0
528468029,6639,201712.0,201712.0
528468029,6639,201712.0,201712.0
156971183,1157,201612.0,201612.0
156971183,3710,201612.0,201612.0
1053943691,6506,201709.0,201709.0
158066815,5691,201607.0,201612.0
158066815,208,,
158066815,208,201702.0,201702.0
150481980,2001,201607.0,201612.0
150481980,4898,201712.0,201712.0
150481980,6613,201306.0,
150481980,6497,201712.0,201712.0
150481980,6497,201712.0,201712.0
150481980,2221,201306.0,
150481980,998,,
150481980,3051,,
150481980,3774,,
863135967,1561,201612.0,201612.0
863135967,1594,201612.0,201612.0
863135967,2449,201612.0,201612.0
934266109,4579,201612.0,201612.0
560897263,4171,201612.0,201612.0
560897263,4201,201612.0,201612.0
163511238,5519,201612.0,201612.0
877210685,6383,201612.0,201612.0
11609395,5845,201612.0,201612.0
11609395,724,201612.0,201612.0
11609395,5845,201709.0,201709.0
11609395,724,201709.0,201709.0
768209460,6456,201612.0,201612.0
1191515307,1523,,
271874611,704,201607.0,201707.0
271874611,4542,201607.0,201607.0
417191843,3126,201712.0,201712.0
417191843,3126,201712.0,201712.0
361333721,5575,201612.0,201612.0
270532483,1455,201607.0,201612.0
609343642,2829,,
1230109619,1513,201708.0,201708.0
1093624326,669,201607.0,201707.0
834948383,1660,201702.0,201708.0
834948383,4493,201612.0,201612.0
834948383,4493,201607.0,201607.0
283622537,6490,201711.0,201711.0
588527993,4523,201607.0,201609.0
588527993,2299,201607.0,201609.0
455906008,4392,,
464793463,3803,201612.0,201612.0
576283533,5996,,
695969858,5594,201607.0,201707.0
750128434,2115,201612.0,201612.0
750128434,2353,201612.0,201612.0
754262417,4267,201802.0,201802.0
841550612,1909,201612.0,201612.0
1152033604,2100,,
1152033604,6912,200402.0,
639410044,2837,201607.0,201607.0
283474715,6393,201710.0,201710.0
283474715,6682,201709.0,201709.0
1233566326,1735,201612.0,201612.0
1228040547,5321,201612.0,201612.0
1061266812,6414,201607.0,201702.0
1061266812,6409,201607.0,201702.0
1061266812,2944,,
378823524,3693,,
680472205,3614,,
680472205,3615,,
468245421,342,201612.0,201612.0
83014283,6686,201607.0,201705.0
556398484,1637,201710.0,201710.0
5508393,5090,,
5508393,3186,,
613611333,3189,201607.0,201705.0
411409605,2335,201607.0,201702.0
192533695,2591,201612.0,201612.0
192533695,5583,201709.0,201709.0
762404914,6060,,
832770260,5524,201612.0,201612.0
1022265209,5491,201612.0,201612.0
1022265209,5491,201607.0,201609.0
403761996,4054,201607.0,201702.0
1053403682,1988,201607.0,201702.0
1053403682,6691,201607.0,201702.0
1053403682,986,201607.0,201702.0
1053403682,2073,201607.0,201702.0
1053403682,6463,201607.0,201702.0
329457193,2145,201612.0,201612.0
1207670140,5618,201612.0,201612.0
784321422,261,,
34072279,4202,,
1223928017,3875,,
315726536,6557,201612.0,201612.0
315726536,3024,201612.0,201612.0
1059986482,2372,,
785416044,5288,201607.0,201702.0
696529484,1053,,
696529484,1053,201612.0,201612.0
696529484,5633,201612.0,201612.0
154272640,6855,201607.0,201707.0
918741735,4522,201612.0,201612.0
760646267,3351,,
490179017,5417,201801.0,201801.0
943301698,772,201711.0,201711.0
1210122181,2084,201801.0,201801.0
455219537,2499,201612.0,201612.0
135918433,6087,201607.0,201708.0
135918433,6087,201612.0,201612.0
977356036,1420,201612.0,201612.0
160686749,16,201607.0,201607.0
1216733585,4609,201607.0,201702.0
1060204191,2991,201009.0,
1079248717,3306,201711.0,201711.0
621618410,3199,201607.0,201607.0
621618410,3215,201709.0,201709.0
201434438,3205,201612.0,201612.0
986206434,102,,
986206434,1318,,
986206434,3022,,
986206434,5184,,
986206434,2552,,
875749807,4814,,
526155060,3798,,
1117392881,3364,201607.0,201612.0
533874303,4494,201612.0,201612.0
671103953,5058,201712.0,201712.0
671103953,5058,201712.0,201712.0
64138306,3724,201607.0,201702.0
64138306,3842,201607.0,201702.0
64138306,1173,201607.0,201702.0
64138306,2987,201607.0,201702.0
64138306,5624,201607.0,201702.0
64138306,6676,201607.0,201702.0
64138306,3606,201607.0,201702.0
311545196,2040,201612.0,201612.0
311545196,2040,201607.0,201609.0
311545196,331,201607.0,201702.0
118936778,727,201607.0,201707.0
134221611,3376,201607.0,201609.0
134221611,3376,201612.0,201612.0
134221611,6277,201612.0,201612.0
1009587580,4779,201612.0,201612.0
116573635,5245,201702.0,201702.0
116573635,977,201607.0,201612.0
116573635,1429,201702.0,201702.0
116573635,2971,201607.0,201612.0
116573635,1429,201801.0,201801.0
116573635,1677,201607.0,201612.0
116573635,5245,201801.0,201801.0
191240530,3121,201801.0,201801.0
1089644305,4947,201612.0,201612.0
248782102,490,201607.0,201607.0
235368607,1154,201710.0,201710.0
243165,6905,201709.0,201709.0
232187018,1140,201607.0,201702.0
40870660,5642,201612.0,201612.0
40870660,917,201612.0,201612.0
40870660,917,201612.0,201612.0
40870660,917,201607.0,201607.0
1104563783,6204,201609.0,201609.0
606089945,1259,201607.0,201702.0
606089945,395,201607.0,201702.0
380895347,1183,201607.0,201705.0
1142430152,1360,201711.0,201711.0
1142430152,6289,201711.0,201711.0
1142430152,3625,201711.0,201711.0
1142430152,3649,201711.0,201711.0
474347568,3572,201709.0,201709.0
1193498753,5626,201612.0,201612.0
696299929,6852,201612.0,201612.0
1008158207,6718,,
1008158207,2681,,
1008158207,4572,201709.0,201709.0
650137286,3039,201712.0,201712.0
650137286,3039,201712.0,201712.0
650137286,1681,201709.0,201709.0
650137286,6672,201709.0,201709.0
332629236,2222,,
848214706,301,201607.0,201612.0
51682819,1846,201612.0,201612.0
566600099,3526,201607.0,201702.0
566600099,3567,201607.0,201702.0
566600099,5406,201607.0,201702.0
566600099,5664,201607.0,201702.0
566600099,5947,201607.0,201702.0
566600099,320,,
566600099,3890,,
566600099,5775,,
566600099,6801,,
566600099,5011,,
134719296,3015,201607.0,201607.0
419254110,5876,,
424026777,6071,201801.0,201801.0
424026777,2202,201801.0,201801.0
424026777,5957,201801.0,201801.0
424026777,6769,201801.0,201801.0
424026777,4314,201801.0,201801.0
424026777,5923,201801.0,201801.0
424026777,947,201801.0,201801.0
326719827,1923,201712.0,201712.0
326719827,6708,201612.0,201612.0
326719827,1923,201612.0,201612.0
326719827,6708,201712.0,201712.0
326719827,1989,201712.0,201712.0
326719827,5785,201612.0,201612.0
326719827,1989,201612.0,201612.0
326719827,5785,201712.0,201712.0
236880825,6174,201607.0,201705.0
236880825,4999,201612.0,201612.0
334420967,6247,201612.0,201612.0
334420967,6247,201801.0,201801.0
431597418,5046,201712.0,201712.0
431597418,5046,201712.0,201712.0
70458535,1910,201612.0,201612.0
70458535,1986,201710.0,201710.0
70458535,1986,201612.0,201612.0
279099435,1703,,
279099435,1703,201607.0,201607.0
279099435,1702,,
1002763026,520,,
425653504,2376,201607.0,201607.0
1016374940,6085,201711.0,201711.0
1016374940,6085,201612.0,201612.0
1099439666,174,201612.0,201612.0
335195123,3196,,
1084995643,5657,201607.0,201705.0
1084995643,1175,201802.0,201802.0
1084995643,1225,201802.0,201802.0
1084995643,1214,201607.0,201609.0
1084995643,1214,201802.0,201802.0
1084995643,1175,,
1084995643,1214,,
123162283,5243,201801.0,201801.0
61464181,5405,,
433356260,5866,201711.0,201711.0
113330526,6735,201710.0,201710.0
1086036423,6115,201612.0,201612.0
1086036423,6115,201607.0,201702.0
1086036423,6115,201712.0,201712.0
55076129,2678,201711.0,201711.0
1226886622,3465,201712.0,201712.0
1226886622,3465,201712.0,201712.0
1226886622,324,201712.0,201712.0
1226886622,3465,,
1226886622,5091,201712.0,201712.0
1226886622,5091,201712.0,201712.0
589907050,4447,201712.0,201712.0
163124529,1908,201609.0,201609.0
163124529,1098,,
526645376,6776,201612.0,201612.0
886230972,708,201709.0,201709.0
359860980,6152,201612.0,201612.0
274126134,1902,201709.0,201709.0
274126134,1902,201712.0,201712.0
274126134,4820,201712.0,201712.0
274126134,4820,201712.0,201712.0
1099008425,6894,201612.0,201612.0
1099008425,6896,201612.0,201612.0
856862484,3698,,
144754142,4394,201712.0,201712.0
1140424250,6878,201801.0,201801.0
1140424250,6879,201801.0,201801.0
662316493,6023,201607.0,201702.0
935895460,5939,,
935895460,573,,
167388467,1024,201607.0,201702.0
159087101,2106,,
1059796555,1258,201612.0,201612.0
1184704539,6576,,
225147557,3497,201709.0,201709.0
225147557,3499,,
225147557,3552,201709.0,201709.0
921712686,3663,,
1056104267,3580,201607.0,201607.0
1074061048,5941,201607.0,201708.0
1074061048,5941,,
1032194813,4037,,
1032194813,1373,,
226901265,4967,201709.0,201709.0
226901265,191,201709.0,201709.0
226901265,5610,201607.0,201607.0
226901265,186,201709.0,201709.0
226901265,190,201709.0,201709.0
226901265,1815,201709.0,201709.0
684025094,3070,,
361855012,4620,201607.0,201702.0
620163806,963,201612.0,201612.0
620163806,1741,201612.0,201612.0
889021404,3420,201607.0,201612.0
287721166,517,,
1039230602,787,201607.0,201607.0
1039230602,6756,201607.0,201607.0
272482765,4815,201801.0,201801.0
630153635,6778,201801.0,201801.0
630153635,2006,,
630153635,6197,201802.0,201802.0
382011199,1841,201607.0,201702.0
382011199,1073,201612.0,201612.0
382011199,6055,201607.0,201705.0
382011199,5347,201612.0,201612.0
382011199,1073,201702.0,201702.0
382011199,2089,201607.0,201702.0
382011199,907,201702.0,201702.0
382011199,5347,201702.0,201702.0
382011199,64,201607.0,201607.0
382011199,4,201607.0,201612.0
912867997,1737,201702.0,201705.0
991078809,3903,,
991078809,662,201710.0,201710.0
463918370,3268,201607.0,201612.0
780102453,5402,201712.0,201712.0
552525326,2371,,
636700424,2615,201801.0,201801.0
528260670,4867,201712.0,201712.0
538525337,553,,
377846504,5365,201801.0,201801.0
653469865,3124,,
653469865,3177,,
653469865,838,201607.0,201708.0
1063866717,547,201801.0,201801.0
1063866717,3504,201801.0,201801.0
1063866717,6109,201801.0,201801.0
1063866717,2219,,
1063866717,1951,,
1063866717,3563,,
855724058,3132,201607.0,201612.0
1099163323,4724,201711.0,201711.0
155013668,315,201801.0,201801.0
1101790053,4002,,
809797407,3450,201612.0,201612.0
809797407,4518,201612.0,201612.0
276650889,4575,201712.0,201712.0
276650889,4575,201712.0,201712.0
276650889,5069,201712.0,201712.0
276650889,5069,201712.0,201712.0
80703996,1079,201612.0,201612.0
80703996,1080,,
53485795,698,,
930564465,5987,,
109000061,939,201802.0,201802.0
109000061,6901,,
695620268,5155,,
901419980,4409,201612.0,201612.0
939813095,1302,,
1178474751,5994,201712.0,201712.0
1178474751,5994,201712.0,201712.0
835635503,4371,201801.0,201801.0
835635503,3982,201612.0,201612.0
835635503,4371,201612.0,201612.0
1212906635,2432,,
441403783,5205,201712.0,201712.0
441403783,4287,201607.0,201607.0
332910652,2268,,
332910652,2536,,
445768797,4848,,
564117137,31,201607.0,201607.0
279284306,3143,201108.0,
131863077,4499,201411.0,
844295511,3339,,
647578655,1711,201612.0,201612.0
527652263,3405,200905.0,
192768531,5462,201607.0,201706.0
921002312,4346,201708.0,201708.0
921002312,4346,201709.0,201709.0
877887130,3023,201108.0,
987582746,6580,,
138912471,4986,201607.0,201612.0
138912471,5722,201403.0,
127639160,2588,201711.0,201711.0
955813934,1130,201612.0,201612.0
115709829,2864,201607.0,201607.0
115709829,5176,201607.0,201607.0
115709829,786,,
180058780,2437,200612.0,
1093711216,5483,201612.0,201612.0
216623780,1105,201801.0,201801.0
1188494948,3011,201801.0,201801.0
946664621,5022,201612.0,201612.0
873122057,3424,201710.0,201710.0
873122057,1063,201710.0,201710.0
873122057,3427,201710.0,201710.0
873122057,5276,201710.0,201710.0
873122057,4743,201710.0,201710.0
873122057,3428,201710.0,201710.0
873122057,4775,201710.0,201710.0
873122057,4859,201710.0,201710.0
873122057,2147,201710.0,201710.0
873122057,4938,201710.0,201710.0
873122057,4747,201710.0,201710.0
873122057,3118,201710.0,201710.0
873122057,4966,201710.0,201710.0
873122057,3060,201710.0,201710.0
873122057,1348,201710.0,201710.0
873122057,3440,201710.0,201710.0
873122057,2352,201710.0,201710.0
873122057,2348,201710.0,201710.0
873122057,4042,201710.0,201710.0
873122057,4778,201710.0,201710.0
873122057,2388,201710.0,201710.0
873122057,1994,201710.0,201710.0
873122057,4774,201710.0,201710.0
873122057,146,201710.0,201710.0
873122057,6477,201710.0,201710.0
873122057,599,201710.0,201710.0
873122057,4928,201710.0,201710.0
873122057,1385,201710.0,201710.0
873122057,2199,201710.0,201710.0
873122057,5639,201710.0,201710.0
873122057,3421,201710.0,201710.0
873122057,3433,201710.0,201710.0
873122057,4688,201710.0,201710.0
873122057,2870,201710.0,201710.0
873122057,1492,201710.0,201710.0
873122057,3265,201710.0,201710.0
873122057,3431,201710.0,201710.0
873122057,1067,201710.0,201710.0
873122057,2377,201710.0,201710.0
873122057,4689,201710.0,201710.0
873122057,3430,201710.0,201710.0
873122057,149,201710.0,201710.0
873122057,3119,201710.0,201710.0
873122057,1299,201710.0,201710.0
873122057,1065,201710.0,201710.0
873122057,147,201710.0,201710.0
873122057,3333,201710.0,201710.0
873122057,754,201710.0,201710.0
873122057,600,201710.0,201710.0
873122057,1817,201710.0,201710.0
873122057,2401,201710.0,201710.0
873122057,417,201710.0,201710.0
873122057,5375,201710.0,201710.0
873122057,1942,201710.0,201710.0
873122057,1289,201710.0,201710.0
873122057,256,201710.0,201710.0
873122057,1993,201710.0,201710.0
873122057,2007,201710.0,201710.0
873122057,148,201710.0,201710.0
873122057,2198,201710.0,201710.0
873122057,3436,201710.0,201710.0
873122057,6475,201710.0,201710.0
873122057,1840,201710.0,201710.0
873122057,1864,201710.0,201710.0
873122057,3479,201710.0,201710.0
873122057,709,201710.0,201710.0
873122057,2422,201710.0,201710.0
873122057,4685,201710.0,201710.0
873122057,1354,201710.0,201710.0
873122057,5106,201710.0,201710.0
873122057,453,201710.0,201710.0
873122057,2733,201710.0,201710.0
873122057,4686,201710.0,201710.0
873122057,2201,201710.0,201710.0
873122057,1288,201710.0,201710.0
873122057,2740,201710.0,201710.0
873122057,1062,201710.0,201710.0
873122057,1781,201710.0,201710.0
873122057,4690,201710.0,201710.0
873122057,4808,201710.0,201710.0
873122057,1816,201710.0,201710.0
873122057,3108,201710.0,201710.0
873122057,753,201710.0,201710.0
873122057,5279,201710.0,201710.0
873122057,2392,201710.0,201710.0
873122057,607,201710.0,201710.0
873122057,2943,201710.0,201710.0
873122057,4043,201710.0,201710.0
873122057,5133,201710.0,201710.0
873122057,4052,201710.0,201710.0
873122057,273,201710.0,201710.0
873122057,2232,201710.0,201710.0
873122057,5398,201710.0,201710.0
873122057,4224,201710.0,201710.0
873122057,784,201710.0,201710.0
873122057,4776,201710.0,201710.0
873122057,1386,201710.0,201710.0
873122057,3056,201710.0,201710.0
873122057,4047,201710.0,201710.0
873122057,3313,201710.0,201710.0
873122057,2200,201710.0,201710.0
873122057,452,201710.0,201710.0
873122057,6476,201710.0,201710.0
873122057,2390,201710.0,201710.0
873122057,6785,201710.0,201710.0
873122057,3813,201710.0,201710.0
873122057,4870,201710.0,201710.0
873122057,601,201710.0,201710.0
873122057,5280,201710.0,201710.0
873122057,2391,201710.0,201710.0
873122057,719,201710.0,201710.0
873122057,3422,201710.0,201710.0
873122057,3117,201710.0,201710.0
873122057,6474,201710.0,201710.0
873122057,4583,201710.0,201710.0
873122057,4041,201710.0,201710.0
873122057,2389,201710.0,201710.0
873122057,2231,201710.0,201710.0
873122057,598,201710.0,201710.0
722495531,5894,201710.0,201710.0
722495531,2853,201709.0,201709.0
1217886527,2625,,
1217886527,4899,201612.0,201612.0
1217886527,2625,201612.0,201612.0
1217886527,2685,201612.0,201612.0
1217886527,3905,201612.0,201612.0
1217886527,676,201612.0,201612.0
1217886527,522,201612.0,201612.0
1217886527,508,201612.0,201612.0
1217886527,6101,201612.0,201612.0
803268941,5028,201710.0,201710.0
803268941,4198,201710.0,201710.0
803268941,2293,201710.0,201710.0
803268941,2878,201710.0,201710.0
1211762392,4914,201607.0,201702.0
1035196264,357,201711.0,201711.0
1035196264,2303,201711.0,201711.0
1035196264,2849,201711.0,201711.0
1035196264,5435,201711.0,201711.0
1035196264,6465,201711.0,201711.0
1035196264,1699,201711.0,201711.0
1035196264,5637,201711.0,201711.0
1035196264,506,201711.0,201711.0
1035196264,4917,201711.0,201711.0
1035196264,3791,201711.0,201711.0
1035196264,5779,201711.0,201711.0
1035196264,5593,201711.0,201711.0
1035196264,3247,201711.0,201711.0
1035196264,542,201711.0,201711.0
1035196264,957,201711.0,201711.0
1035196264,6766,201711.0,201711.0
1035196264,6431,201711.0,201711.0
1035196264,3680,201711.0,201711.0
1035196264,2016,201711.0,201711.0
1035196264,2692,201711.0,201711.0
1035196264,515,201711.0,201711.0
1035196264,516,201711.0,201711.0
1035196264,2751,201711.0,201711.0
1035196264,6443,201711.0,201711.0
1035196264,898,201711.0,201711.0
1035196264,2451,201711.0,201711.0
1035196264,544,201711.0,201711.0
1035196264,3312,201711.0,201711.0
1035196264,2081,201711.0,201711.0
1035196264,4098,201711.0,201711.0
1035196264,5401,201711.0,201711.0
1035196264,533,201711.0,201711.0
1035196264,2993,201711.0,201711.0
1035196264,6208,201711.0,201711.0
1035196264,4576,201711.0,201711.0
1035196264,6442,201711.0,201711.0
1035196264,2329,201711.0,201711.0
1035196264,4945,201711.0,201711.0
1035196264,3411,201711.0,201711.0
1035196264,507,201711.0,201711.0
1035196264,4308,201711.0,201711.0
1035196264,556,201711.0,201711.0
1035196264,5140,201711.0,201711.0
1035196264,6449,201711.0,201711.0
1035196264,5712,201711.0,201711.0
1035196264,6712,201711.0,201711.0
1035196264,6890,201711.0,201711.0
1035196264,6593,201711.0,201711.0
1035196264,3954,201711.0,201711.0
1035196264,6441,201711.0,201711.0
1035196264,3252,201711.0,201711.0
1035196264,4580,201711.0,201711.0
1035196264,4586,201711.0,201711.0
1035196264,1064,201711.0,201711.0
1035196264,5490,201711.0,201711.0
1035196264,4101,201711.0,201711.0
1035196264,4433,201711.0,201711.0
1035196264,6428,201711.0,201711.0
1035196264,6588,201711.0,201711.0
1035196264,6262,201711.0,201711.0
1035196264,2899,201711.0,201711.0
1035196264,6455,201711.0,201711.0
1035196264,2655,201711.0,201711.0
1035196264,4669,201711.0,201711.0
1035196264,5515,201711.0,201711.0
1035196264,2941,201711.0,201711.0
1035196264,2043,201711.0,201711.0
1035196264,3300,201711.0,201711.0
1035196264,3053,201711.0,201711.0
1035196264,4011,201711.0,201711.0
1035196264,3464,201711.0,201711.0
1035196264,6121,201711.0,201711.0
1035196264,5780,201711.0,201711.0
1035196264,2975,201711.0,201711.0
1035196264,5625,201711.0,201711.0
1035196264,2107,201711.0,201711.0
1035196264,674,201711.0,201711.0
1035196264,5514,201711.0,201711.0
1035196264,168,201711.0,201711.0
1035196264,2134,201711.0,201711.0
1035196264,702,201711.0,201711.0
1035196264,5742,201711.0,201711.0
1035196264,747,201711.0,201711.0
1035196264,4672,201711.0,201711.0
1035196264,505,201711.0,201711.0
1035196264,6426,201711.0,201711.0
1035196264,3755,201711.0,201711.0
1035196264,534,201711.0,201711.0
1035196264,4641,201711.0,201711.0
1035196264,4665,201711.0,201711.0
1035196264,4749,201711.0,201711.0
1035196264,3799,201711.0,201711.0
1035196264,2149,201711.0,201711.0
1035196264,4659,201711.0,201711.0
1035196264,4194,201711.0,201711.0
1035196264,4272,201711.0,201711.0
1035196264,3756,201711.0,201711.0
1035196264,4294,201711.0,201711.0
1035196264,4852,201711.0,201711.0
1035196264,3273,201711.0,201711.0
1035196264,1992,201711.0,201711.0
1035196264,166,201711.0,201711.0
1035196264,866,201711.0,201711.0
1035196264,3236,201711.0,201711.0
1035196264,2144,201711.0,201711.0
1035196264,3750,201711.0,201711.0
1035196264,2158,201711.0,201711.0
1035196264,6447,201711.0,201711.0
1035196264,167,201711.0,201711.0
1035196264,4712,201711.0,201711.0
1035196264,5702,201711.0,201711.0
1035196264,6403,201711.0,201711.0
1035196264,2375,201711.0,201711.0
1035196264,5810,201711.0,201711.0
1035196264,1857,201711.0,201711.0
1035196264,3751,201711.0,201711.0
1035196264,5521,201711.0,201711.0
1035196264,4915,201711.0,201711.0
1035196264,5631,201711.0,201711.0
1035196264,5619,201711.0,201711.0
1035196264,6419,201711.0,201711.0
64250574,2782,,
64250574,348,,
681963829,1678,201801.0,201801.0
1094081770,5273,201712.0,201712.0
1094081770,5273,201712.0,201712.0
586257961,5975,201607.0,201607.0
100065848,4608,201711.0,201711.0
100065848,3045,201711.0,201711.0
100065848,3046,201711.0,201711.0
100065848,6299,201711.0,201711.0
100065848,4279,201609.0,201702.0
901842948,5367,201711.0,201711.0
901842948,5958,201711.0,201711.0
901842948,3437,201711.0,201711.0
901842948,2845,201711.0,201711.0
901842948,2492,201711.0,201711.0
901842948,1974,201711.0,201711.0
901842948,6196,201711.0,201711.0
923084733,1238,201711.0,201711.0
923084733,1257,201711.0,201711.0
923084733,1206,201711.0,201711.0
923084733,1237,201711.0,201711.0
923084733,1236,201711.0,201711.0
923084733,1099,201711.0,201711.0
923084733,1254,201711.0,201711.0
923084733,4642,201711.0,201711.0
923084733,1251,201711.0,201711.0
923084733,6777,201711.0,201711.0
923084733,2942,201711.0,201711.0
923084733,1239,201711.0,201711.0
923084733,3784,201711.0,201711.0
923084733,4654,201711.0,201711.0
923084733,343,201711.0,201711.0
511462741,5825,201612.0,201612.0
511462741,1242,201801.0,201801.0
511462741,1242,,
511462741,950,201612.0,201612.0
511462741,380,201612.0,201612.0
511462741,1212,201612.0,201612.0
511462741,531,201612.0,201612.0
879905170,5950,201612.0,201612.0
266454311,1440,201407.0,
266454311,524,200904.0,
1033127649,6503,201711.0,201711.0
1033127649,400,201711.0,201711.0
1033127649,401,201711.0,201711.0
1033127649,4502,201711.0,201711.0
1033127649,2756,201711.0,201711.0
1033127649,3345,201711.0,201711.0
455186749,162,201311.0,
888191670,5359,201712.0,201712.0
888191670,5359,201712.0,201712.0
431806325,3393,201211.0,
647305276,2784,,
774235200,536,200812.0,
774235200,6439,201001.0,
774235200,1626,200812.0,
774235200,4893,201001.0,
774235200,2327,201001.0,
774235200,5261,201001.0,
774235200,3025,200812.0,
774235200,5061,201001.0,
774235200,1700,201001.0,
774235200,4217,201001.0,
774235200,997,201001.0,
774235200,4184,201001.0,
774235200,3316,200812.0,
774235200,1820,201001.0,
774235200,2605,200812.0,
1014620141,4916,201302.0,
1014620141,3195,201108.0,
308047623,350,201607.0,201612.0
308047623,3114,201607.0,201612.0
308047623,1514,201607.0,201612.0
308047623,1775,201612.0,201612.0
308047623,1775,201607.0,201609.0
308047623,5239,201607.0,201609.0
308047623,5239,201612.0,201612.0
308047623,3744,201607.0,201612.0
308047623,5054,201607.0,201612.0
44606702,2345,201802.0,201802.0
1055270508,5891,201005.0,
1055270508,5920,201005.0,
1183090320,3148,201612.0,201612.0
1183090320,4076,201612.0,201612.0
1183090320,4076,201711.0,201711.0
1183090320,3148,201711.0,201711.0
1183090320,6552,,
910574502,2888,201801.0,201801.0
737478864,3454,201709.0,201709.0
737478864,3142,201308.0,
508376964,586,201609.0,201609.0
508376964,586,,
787711245,2380,,
787711245,195,,
790724630,4802,201609.0,201609.0
839828255,2370,201607.0,201702.0
839828255,229,201208.0,
839828255,1623,201607.0,201702.0
839828255,228,201208.0,
839828255,4585,201607.0,201702.0
839828255,3131,201607.0,201702.0
839828255,1371,201607.0,201702.0
839828255,4445,201607.0,201702.0
1151775635,5603,201710.0,201710.0
1151775635,5604,201710.0,201710.0
960769477,6912,200911.0,
960769477,2527,,
960769477,6912,200911.0,
869419353,6471,201205.0,
1120826323,500,201607.0,201607.0
1120826323,1057,201607.0,201607.0
668225294,5316,201709.0,201709.0
668225294,6462,,
926723528,43,201709.0,201709.0
423199818,5585,201607.0,201702.0
920032299,3320,201612.0,201612.0
281493524,3325,201612.0,201612.0
281493524,3660,201612.0,201612.0
281493524,3325,201607.0,201607.0
735665883,6324,,
21741580,4908,201607.0,201612.0
725011215,2940,201711.0,201711.0
725011215,2937,201711.0,201711.0
725011215,3057,201711.0,201711.0
1102477863,2472,201607.0,201612.0
1102477863,770,201612.0,201612.0
486516933,3096,201709.0,201709.0
486516933,2969,201709.0,201709.0
399842306,2115,201612.0,201612.0
399842306,549,201612.0,201612.0
498272244,929,201612.0,201612.0
1045020395,3329,201709.0,201709.0
1045020395,3220,201709.0,201709.0
1045020395,660,201709.0,201709.0
1045020395,5543,201709.0,201709.0
952898326,4396,201612.0,201612.0
182863377,6293,201612.0,201612.0
1093103830,1716,201607.0,201702.0
1093103830,3378,201711.0,201711.0
822850634,263,201607.0,201707.0
322968473,3218,201705.0,201706.0
322968473,2313,201607.0,201612.0
322968473,2085,201607.0,201612.0
322968473,3218,201702.0,201702.0
1046206454,6430,,
1046206454,6429,,
1046206454,4166,,
1046206454,3684,,
398665284,2453,201710.0,201710.0
919743458,2000,201711.0,201711.0
1030859984,3095,201607.0,201702.0
1106099910,2053,201612.0,201612.0
1106099910,4650,201612.0,201612.0
655206172,2409,201710.0,201710.0
655206172,904,201607.0,201707.0
1200764150,751,201612.0,201612.0
587635776,985,201607.0,201707.0
57779018,701,201607.0,201702.0
57779018,2363,201607.0,201612.0
1161909681,4528,201607.0,201702.0
1161909681,5131,201105.0,
509650681,3418,201607.0,201702.0
812966604,4064,201607.0,201702.0
240219997,4369,201607.0,201702.0
891897604,5393,,
47132699,647,201801.0,201801.0
47132699,647,201607.0,201702.0
47132699,2758,201607.0,201702.0
538510979,2984,201607.0,201612.0
538510979,3261,201311.0,
813871123,6507,201607.0,201609.0
813871123,2245,201607.0,201705.0
813871123,6507,201612.0,201612.0
110863685,5229,201712.0,201712.0
110863685,6053,201712.0,201712.0
110863685,844,201712.0,201712.0
353079831,2648,,
426536647,4711,201612.0,201612.0
426536647,5838,201612.0,201612.0
495170019,4387,201607.0,201708.0
692426396,165,201607.0,201612.0
692426396,5577,201607.0,201612.0
1071725973,113,,
161921296,2456,201607.0,201607.0
368876884,227,201612.0,201612.0
961293902,5078,201710.0,201710.0
591378096,2656,,
143184261,21,,
143184261,47,201709.0,201709.0
143184261,21,201709.0,201709.0
677932389,4842,201712.0,201712.0
677932389,4842,201712.0,201712.0
34552549,5611,201712.0,201712.0
34552549,5611,201712.0,201712.0
71041488,4446,201705.0,201705.0
71041488,804,,
71041488,798,201702.0,201702.0
1199043082,6821,201702.0,201702.0
1199043082,3570,,
64425707,391,201802.0,201802.0
64425707,4630,201802.0,201802.0
320949169,1202,,
749719860,4718,,
148379961,3658,201607.0,201607.0
148379961,1016,201607.0,201607.0
148379961,896,201607.0,201607.0
998091785,972,201607.0,201607.0
998091785,4263,201607.0,201607.0
998091785,4263,,
297929056,1780,201607.0,201607.0
297929056,3835,201607.0,201607.0
297929056,1780,201802.0,201802.0
939071641,5809,201607.0,201607.0
939071641,5334,201607.0,201607.0
939071641,3794,201607.0,201607.0
699304319,1767,201607.0,201607.0
699304319,3138,201607.0,201607.0
630784925,2629,201607.0,201607.0
630784925,4653,201607.0,201607.0
994263840,3410,201607.0,201607.0
994263840,6254,201607.0,201607.0
970288326,5688,201607.0,201607.0
685512108,4352,201607.0,201607.0
685512108,4210,,
685512108,4484,201607.0,201607.0
685512108,4135,,
685512108,4025,201607.0,201607.0
685512108,4355,,
685512108,4349,201607.0,201607.0
685512108,4134,,
685512108,1233,201607.0,201607.0
685512108,410,,
662042450,297,201607.0,201612.0
662042450,296,201607.0,201612.0
317107054,6103,201607.0,201607.0
317107054,6168,201607.0,201607.0
317107054,6103,201711.0,201711.0
422923614,1525,201702.0,201702.0
422923614,1527,201607.0,201612.0
422923614,1542,201607.0,201612.0
422923614,1539,201702.0,201702.0
422923614,4525,201607.0,201612.0
422923614,5440,201702.0,201702.0
422923614,5049,201702.0,201702.0
422923614,4280,201702.0,201702.0
422923614,4282,201702.0,201702.0
109835389,4810,201710.0,201710.0
109835389,1812,201702.0,201707.0
915841382,3269,,
587652239,968,,
246120402,6302,201607.0,201607.0
246120402,323,201607.0,201607.0
246120402,6302,,
417096943,5694,201702.0,201702.0
430990915,4892,201702.0,201702.0
430990915,4405,201702.0,201702.0
781000540,4323,,
781000540,5963,201702.0,201702.0
828432321,5027,201702.0,201702.0
828432321,730,201709.0,201709.0
828432321,730,201702.0,201702.0
828432321,5027,201709.0,201709.0
614511003,4863,201702.0,201702.0
769388312,2061,201702.0,201702.0
769388312,1487,201702.0,201702.0
327788826,2918,201801.0,201801.0
327788826,2918,201702.0,201702.0
327788826,4434,201711.0,201711.0
327788826,1271,201801.0,201801.0
327788826,2918,,
1062953165,6657,201702.0,201702.0
661957353,5850,201702.0,201702.0
891473048,993,201711.0,201711.0
891473048,993,201702.0,201702.0
891473048,1006,201702.0,201702.0
810850516,3207,201712.0,201712.0
810850516,2933,201712.0,201712.0
810850516,2933,201712.0,201712.0
919252644,588,201702.0,201702.0
683295322,5215,201702.0,201702.0
683295322,5215,201801.0,201801.0
68528873,6603,201702.0,201702.0
68528873,5733,201702.0,201702.0
1051173052,1988,201702.0,201702.0
1051173052,2169,201702.0,201702.0
467423581,2426,201702.0,201702.0
579608230,4040,201702.0,201707.0
579608230,3452,201702.0,201702.0
802164874,3092,201702.0,201702.0
802164874,4144,201702.0,201702.0
802164874,3092,201705.0,201708.0
802164874,4144,201711.0,201711.0
163033315,3534,201702.0,201702.0
262860897,4312,201702.0,201702.0
262860897,3120,201702.0,201702.0
1137301369,1210,201702.0,201702.0
249897161,931,201702.0,201702.0
850043097,6399,201702.0,201702.0
850043097,481,201702.0,201707.0
775095550,1341,201702.0,201702.0
27194775,111,201702.0,201702.0
27194775,2496,201607.0,201702.0
57354986,3484,201702.0,201702.0
57354986,2321,,
287075555,6881,201702.0,201702.0
287075555,6864,201702.0,201702.0
287075555,3879,201702.0,201702.0
31433441,1459,201702.0,201702.0
282661398,920,201702.0,201702.0
282661398,3231,201702.0,201702.0
282661398,920,,
572036420,1960,201712.0,201712.0
572036420,1960,201702.0,201702.0
480047555,2207,201607.0,201607.0
480047555,2209,201607.0,201607.0
533410483,984,201711.0,201711.0
533410483,1468,201801.0,201801.0
533410483,1821,201801.0,201801.0
533410483,2429,,
533410483,2086,201709.0,201709.0
533410483,4127,201801.0,201801.0
533410483,3219,201801.0,201801.0
533410483,3012,201709.0,201709.0
533410483,2429,201801.0,201801.0
533410483,457,201710.0,201710.0
533410483,2500,201801.0,201801.0
533410483,4412,201710.0,201710.0
533410483,4333,,
533410483,1305,201710.0,201710.0
533410483,984,201801.0,201801.0
533410483,5104,201801.0,201801.0
533410483,1593,201801.0,201801.0
680715980,925,201802.0,201802.0
680715980,925,201702.0,201702.0
787889606,925,201802.0,201802.0
787889606,925,,
787889606,925,201702.0,201702.0
1166334829,5073,201607.0,201607.0
1166334829,5180,201607.0,201607.0
1157707647,4164,201607.0,201612.0
1157707647,4218,201607.0,201612.0
1157707647,4954,201607.0,201612.0
1157707647,480,,
399356904,5447,201607.0,201607.0
399356904,2171,201607.0,201607.0
399356904,2171,,
1128416928,2880,201607.0,201607.0
1128416928,3244,201607.0,201607.0
1012768835,5208,201607.0,201607.0
1012768835,4326,201607.0,201607.0
490793450,1859,201607.0,201607.0
490793450,6055,201607.0,201607.0
1046117792,5927,201612.0,201612.0
1046117792,5927,201607.0,201609.0
1046117792,4532,201607.0,201612.0
315718330,1331,201607.0,201612.0
315718330,404,201607.0,201612.0
747360950,6827,,
208707268,4793,201712.0,201712.0
208707268,4793,201712.0,201712.0
208707268,902,,
684472775,1324,,
1069596549,1343,,
200675095,4827,,
178322777,1920,201711.0,201711.0
178322777,2243,201711.0,201711.0
408897556,3317,,
238637939,3777,201712.0,201712.0
238637939,3777,201712.0,201712.0
163170246,6045,,
741254824,2849,,
608259190,3772,201710.0,201710.0
586892252,3866,201712.0,201712.0
586892252,3866,201712.0,201712.0
543659628,4002,201711.0,201711.0
543659628,3804,201711.0,201711.0
499144172,1201,201711.0,201711.0
499144172,3473,201711.0,201711.0
499144172,3919,201711.0,201711.0
499144172,3324,201711.0,201711.0
499144172,5737,201711.0,201711.0
499144172,3395,201711.0,201711.0
499144172,3481,201711.0,201711.0
499144172,1142,201711.0,201711.0
499144172,4220,201711.0,201711.0
499144172,3394,201711.0,201711.0
499144172,1119,201711.0,201711.0
499144172,3494,201711.0,201711.0
105365710,3525,201709.0,201709.0
864245519,1520,201712.0,201712.0
872991105,3233,201712.0,201712.0
872991105,3233,201712.0,201712.0
149818750,3587,201712.0,201712.0
149818750,3587,201712.0,201712.0
738963419,1084,201711.0,201711.0
738963419,1757,201711.0,201711.0
738963419,1772,201711.0,201711.0
738963419,6307,201711.0,201711.0
228060049,6432,,
514442692,951,201801.0,201801.0
339953904,3474,201801.0,201801.0
401924744,6524,,
140970874,5477,201712.0,201712.0
899291383,4663,201712.0,201712.0
899291383,4663,201712.0,201712.0
808970360,4823,,
422015928,532,201710.0,201710.0
422015928,809,201710.0,201710.0
1137453563,583,,
243521464,2859,,
407842625,3958,201801.0,201801.0
1113254267,608,,
1113254267,608,201801.0,201801.0
1076693099,2346,,
1076693099,4508,,
1076693099,1999,,
598854091,1046,201801.0,201801.0
598854091,1028,201801.0,201801.0
598854091,1046,201802.0,201802.0
598854091,1028,201802.0,201802.0
598854091,1042,201802.0,201802.0
598854091,1049,201802.0,201802.0
591748203,5228,,
591748203,5228,201607.0,201612.0
776669580,6253,,
776669580,4565,,
678325399,5264,201702.0,201702.0
678325399,5254,201702.0,201702.0
825477088,4402,201705.0,201708.0
1056582814,925,201702.0,201702.0
723047036,2482,,
723047036,1378,,
451337629,1870,,
558322336,6066,,
558322336,224,,
952144587,788,,
642083882,814,,
932237415,5935,,
104104541,419,,
1227845909,2659,,
