entid,actual_type,pred_type,legal risk,others,loan risk,operation risk,ASSGRO,LIAGRO,TOTEQU,D_E_Ratio,Debit_Ration,ROA,ROE,NETINC,profit_margin,EMPNUM,REGCAP,RECCAP
1144185194,operation risk,operation risk,0.07139158,0.08393759,0.07261344,0.77205735,0.0,0.0,0.0,0.0,0.0,0.0,0.0,0.0,2.232931878,1.0,500.0,0.01
77287261,operation risk,operation risk,0.087306455,0.07083419,0.07152697,0.7703324,0.0,0.0,0.0,0.0,0.0,0.0,0.0,0.0,0.8539734440000001,3.0,1000.0,0.01
421635817,operation risk,operation risk,0.073216535,0.0743915,0.08413482,0.76825714,13.1926851142365,38.960151216962295,-24.3248866778014,-1.6016580768911397,2.953163126353982,-0.2454023404662944,-1.6016580768911397,-3.23751580406848,-53578549.13,3.5,1238.0,0.01
106159112,operation risk,operation risk,0.07300905,0.07265806,0.073155686,0.78117716,0.0,0.0,0.0,0.0,0.0,0.0,0.0,0.0,0.0,0.0,3.0,0.01
860188978,operation risk,legal risk,0.4804286,0.05314654,0.053510543,0.41291428,0.0,0.0,0.0,0.0,0.0,0.0,0.0,0.0,0.0,0.0,490.0,490.0
601440257,operation risk,operation risk,0.08224636,0.07123245,0.07317189,0.7733493,986.0173649386928,0.21855655873043803,986.9829213288541,0.0002214390482422,0.0002216558921799,-0.0131318965279778,0.0002214390482422,-12.948278011164303,6546.4188380000005,3.0,1000.0,1000.0
1022501713,loan risk,loan risk,0.07340937,0.075897165,0.7761913,0.07450219,0.0,0.0,0.0,0.0,0.0,0.0,0.0,0.0,-0.715519241,9.0,2700.0,3000.0
1128714156,operation risk,legal risk,0.7430101,0.08086474,0.08141857,0.09470657,0.0,0.0,0.0,0.0,0.0,0.0,0.0,0.0,0.0,0.0,50.0,50.0
859307071,operation risk,operation risk,0.073656455,0.0721471,0.079552166,0.77464426,0.0,0.0,0.0,0.0,0.0,0.0,0.0,0.0,0.0,0.0,805.0,0.01
848068003,operation risk,operation risk,0.15834853,0.08609187,0.086681485,0.6688781,0.0,0.0,0.0,0.0,0.0,0.0,0.0,0.0,0.0,0.0,10.0,10.0
1162966975,operation risk,operation risk,0.072919875,0.07266505,0.07316272,0.7812523,0.0,0.0,0.0,0.0,0.0,0.0,0.0,0.0,0.0,0.0,1000.0,0.01
243789405,loan risk,operation risk,0.08071747,0.08017204,0.08072112,0.7583894,0.0,0.0,0.0,0.0,0.0,0.0,0.0,0.0,0.0,0.0,0.0,0.01
777389681,operation risk,operation risk,0.078651905,0.07157285,0.072730266,0.77704495,0.0,0.0,0.0,0.0,0.0,0.0,0.0,0.0,-1.951346201,3.0,5000.0,5000.0
108551665,operation risk,operation risk,0.07274919,0.07266836,0.07493501,0.7796474,0.0,0.0,0.0,0.0,0.0,0.0,0.0,0.0,0.0,0.0,0.0,0.01
262483415,operation risk,operation risk,0.28593746,0.07458342,0.07509422,0.5643849,0.0,0.0,0.0,0.0,0.0,0.0,0.0,0.0,0.0,0.0,10.0,10.0
241027080,operation risk,operation risk,0.38604328,0.048675906,0.049009275,0.51627153,0.0,0.0,0.0,0.0,0.0,0.0,0.0,0.0,0.0,0.0,10.0,0.01
971837647,operation risk,operation risk,0.072744556,0.0726621,0.07337275,0.7812206,0.0,0.0,0.0,0.0,0.0,0.0,0.0,0.0,4.153527667,0.0,1000.0,200.0
407207628,operation risk,operation risk,0.0735735,0.07196928,0.073133096,0.78132415,0.0,0.0,0.0,0.0,0.0,0.0,0.0,0.0,-0.484740751,2.0,1000.0,0.01
92653468,operation risk,operation risk,0.07229812,0.072286226,0.07604962,0.779366,0.0,0.0,0.0,0.0,0.0,0.0,0.0,0.0,-4.109278944,5.0,0.0,0.01
317725479,operation risk,operation risk,0.07280438,0.07525784,0.072950594,0.7789872,0.0,0.0,0.0,0.0,0.0,0.0,0.0,0.0,0.0,0.0,2.0,0.01
676267292,operation risk,operation risk,0.072919875,0.07266505,0.07316272,0.7812523,0.0,0.0,0.0,0.0,0.0,0.0,0.0,0.0,2.525266071,2.0,500.0,0.01
608621770,operation risk,operation risk,0.11856451,0.058618926,0.059020407,0.76379615,0.0,0.0,0.0,0.0,0.0,0.0,0.0,0.0,0.0,0.0,800.0,500.0
1176966297,loan risk,loan risk,0.07363364,0.0731199,0.77354693,0.07969956,0.0,0.0,0.0,0.0,0.0,0.0,0.0,0.0,2899055.953,1.0,3000.0,3000.0
423078773,operation risk,others,0.058009733,0.60478866,0.0607516,0.27644998,0.0,0.0,0.0,0.0,0.0,0.0,0.0,0.0,0.0,0.0,6.0,6.0
885747844,operation risk,operation risk,0.07276005,0.072677575,0.07317533,0.78138703,0.0,0.0,0.0,0.0,0.0,0.0,0.0,0.0,0.0,0.0,500.0,0.01
1154851386,operation risk,operation risk,0.07245403,0.07229771,0.0789869,0.7762614,0.0,0.0,0.0,0.0,0.0,0.0,0.0,0.0,0.0,0.0,2000.0,0.01
1063798897,operation risk,operation risk,0.10348071,0.07349617,0.07421499,0.74880815,0.0,0.0,0.0,0.0,0.0,0.0,0.0,0.0,1.643208346,1.5,500.0,0.01
929790487,legal risk,legal risk,0.46676987,0.058756158,0.05915857,0.4153154,0.0,0.0,0.0,0.0,0.0,0.0,0.0,0.0,0.0,0.0,500.0,0.01
60068624,legal risk,operation risk,0.09118516,0.0671373,0.068222985,0.77345455,0.0,0.0,0.0,0.0,0.0,0.0,0.0,0.0,0.0,0.0,100.0,0.01
252194412,operation risk,operation risk,0.109755434,0.097355075,0.10964242,0.6832471,0.0,0.0,0.0,0.0,0.0,0.0,0.0,0.0,0.0,0.0,2.0,0.01
187043215,operation risk,operation risk,0.066178955,0.069058605,0.06416198,0.8006005,0.0,0.0,0.0,0.0,0.0,0.0,0.0,0.0,0.0,0.0,200.0,0.01
982196289,operation risk,operation risk,0.13674816,0.0667441,0.06856133,0.72794646,0.0,0.0,0.0,0.0,0.0,0.0,0.0,0.0,152212.3038,2.0,125.0,50.0
224947159,operation risk,operation risk,0.075170904,0.07189534,0.07238773,0.78054607,0.0,0.0,0.0,0.0,0.0,0.0,0.0,0.0,-0.005492385,2.0,200.0,200.0
118913554,operation risk,operation risk,0.072617196,0.0726322,0.07489774,0.77985287,0.0,0.0,0.0,0.0,0.0,0.0,0.0,0.0,0.0,0.0,3000.0,0.01
471239918,operation risk,operation risk,0.07197402,0.073129036,0.074672185,0.7802248,0.0,0.0,0.0,0.0,0.0,0.0,0.0,0.0,-31595.6517,1.0,1000.0,1000.0
434369652,operation risk,operation risk,0.06402771,0.17304902,0.06860328,0.69431996,0.0,0.0,0.0,0.0,0.0,0.0,0.0,0.0,1175.0408029999999,5.0,2000.0,0.01
1044226112,operation risk,operation risk,0.09507441,0.09474428,0.10605987,0.7041214,0.0,0.0,0.0,0.0,0.0,0.0,0.0,0.0,0.0,0.0,0.0,0.01
12797847,operation risk,operation risk,0.07809448,0.07756679,0.07809802,0.7662407,0.0,0.0,0.0,0.0,0.0,0.0,0.0,0.0,-0.719596717,6.0,0.0,0.01
2556112,operation risk,operation risk,0.07369138,0.073607855,0.07411198,0.7785888,0.0,0.0,0.0,0.0,0.0,0.0,0.0,0.0,0.0,0.0,2000.0,2000.0
1001486243,operation risk,operation risk,0.075511776,0.07403086,0.07311089,0.7773465,0.0,0.0,0.0,0.0,0.0,0.0,0.0,0.0,4.129576795,5.0,1000.0,0.01
902108488,operation risk,operation risk,0.073806524,0.075172216,0.076573394,0.77444786,505.362929187107,1242.1134127338698,-735.9937765361079,-1.687668363963308,2.457864122981578,-0.7780979550523569,-1.687668363963308,-393.221861759757,-0.812930258,3.0,100.0,100.0
925128027,operation risk,operation risk,0.08696555,0.08836117,0.08967781,0.7349955,0.0,0.0,0.0,0.0,0.0,0.0,0.0,0.0,-4.149176722,3.0,100.0,0.01
1017953670,operation risk,operation risk,0.07265425,0.07402609,0.07306892,0.7802507,0.0,0.0,0.0,0.0,0.0,0.0,0.0,0.0,0.0,0.0,500.0,100.0
389988763,operation risk,operation risk,0.26904753,0.105944544,0.10667015,0.5183378,0.0,0.0,0.0,0.0,0.0,0.0,0.0,0.0,0.274237587,3.0,100.0,0.01
224078802,operation risk,operation risk,0.072165534,0.075811,0.07231048,0.77971303,0.0,0.0,0.0,0.0,0.0,0.0,0.0,0.0,-0.001831459,2.0,0.0,0.01
484518599,operation risk,operation risk,0.07296324,0.072708264,0.07320623,0.78112227,0.0,0.0,0.0,0.0,0.0,0.0,0.0,0.0,0.0,0.0,100.0,100.0
180104841,operation risk,operation risk,0.07684323,0.086370476,0.07972394,0.7570623,0.0,0.0,0.0,0.0,0.0,0.0,0.0,0.0,-4.4537125,6.0,5000.0,0.01
589353712,operation risk,operation risk,0.07219105,0.072880015,0.07467498,0.78025395,0.0,0.0,0.0,0.0,0.0,0.0,0.0,0.0,5.338927009,3.0,5000.0,5000.0
500120338,loan risk,others,0.1826174,0.3244664,0.3083092,0.18460703,0.0,0.0,0.0,0.0,0.0,0.0,0.0,0.0,-818.3407032,6.5,3000.0,1500.0
565888112,loan risk,loan risk,0.08171815,0.08596519,0.5041069,0.32820976,0.0,0.0,0.0,0.0,0.0,0.0,0.0,0.0,0.0,0.0,0.0,0.01
1079431533,operation risk,operation risk,0.06893898,0.06886238,0.14015159,0.7220471,0.0,0.0,0.0,0.0,0.0,0.0,0.0,0.0,0.0,0.0,0.0,0.01
1136960370,operation risk,operation risk,0.07300905,0.07265806,0.073155686,0.78117716,0.0,0.0,0.0,0.0,0.0,0.0,0.0,0.0,0.0,0.0,3.0,0.01
635226615,operation risk,operation risk,0.09498148,0.08086446,0.08141828,0.7427358,0.618247493000968,-0.2532741918915466,0.5459516692138451,-0.4639132109555673,-0.4096647293499823,0.2800873513165857,-0.4639132109555673,0.1731633027727604,0.0,0.0,3.0,0.01
185127097,operation risk,operation risk,0.12587382,0.22088297,0.074262515,0.5789807,0.0,0.0,0.0,0.0,0.0,0.0,0.0,0.0,0.0,0.0,1.0,0.01
831677751,operation risk,operation risk,0.078874454,0.075209096,0.07642531,0.7694912,0.0,0.0,0.0,0.0,0.0,0.0,0.0,0.0,-0.986100312,1.0,5000.0,5000.0
302806995,operation risk,operation risk,0.075792305,0.08215859,0.077089526,0.7649596,0.0,0.0,0.0,0.0,0.0,0.0,0.0,0.0,2.9945403489999998,3.0,100.0,0.01
190741069,operation risk,operation risk,0.11325096,0.11285522,0.11383348,0.66006035,0.0,0.0,0.0,0.0,0.0,0.0,0.0,0.0,0.0,0.0,10000.0,10000.0
959830672,others,loan risk,0.11763935,0.32274133,0.4419233,0.11769606,0.0,0.0,0.0,0.0,0.0,0.0,0.0,0.0,3728.676574,2.0,38000.0,1000.0
784184850,operation risk,operation risk,0.09153849,0.09817938,0.094970115,0.71531194,0.0,0.0,0.0,0.0,0.0,0.0,0.0,0.0,-327576.7104,1.5,1000.0,1000.0
209522538,operation risk,operation risk,0.068893336,0.15563907,0.065990455,0.7094771,0.0,0.0,0.0,0.0,0.0,0.0,0.0,0.0,2.2175162669999997,3.0,500.0,0.01
530796948,operation risk,operation risk,0.07378871,0.075395465,0.07655491,0.77426094,0.0,0.0,0.0,0.0,0.0,0.0,0.0,0.0,-572787.723,7.0,500.0,5000.0
678912959,loan risk,legal risk,0.478118,0.0533829,0.053748507,0.41475058,0.0,0.0,0.0,0.0,0.0,0.0,0.0,0.0,0.0,0.0,4.5,4.5
377494505,operation risk,operation risk,0.40348607,0.050875254,0.051223688,0.49441496,0.0,0.0,0.0,0.0,0.0,0.0,0.0,0.0,0.0,0.0,10.0,0.01
1066230471,operation risk,operation risk,0.07946097,0.076542065,0.076251894,0.76774514,-0.346776687958133,2.4662295886646404,-0.7778270890021459,-3.1706655933370764,-7.111866726642226,-0.9300353251331668,-3.1706655933370764,0.322514569733745,-0.183122216,5.0,3080.0,3080.0
587234785,operation risk,operation risk,0.09540654,0.15417244,0.09838205,0.652039,-0.114864140488516,0.453001966288036,0.9428485370202679,0.4804610162727526,-3.9438066951219364,9.26628462546241,0.4804610162727526,-1.0643638190256899,5051.610945,2.0,499.0,0.01
413501650,operation risk,operation risk,0.07266749,0.074603945,0.07418015,0.77854836,0.0,0.0,0.0,0.0,0.0,0.0,0.0,0.0,0.0,0.0,150.0,0.01
181520887,operation risk,operation risk,0.21144067,0.19638339,0.20137618,0.39079976,0.0,0.0,0.0,0.0,0.0,0.0,0.0,0.0,0.0,0.0,0.0,0.01
726792281,operation risk,operation risk,0.11939775,0.11875006,0.12842475,0.63342744,0.0,0.0,0.0,0.0,0.0,0.0,0.0,0.0,0.0,0.0,0.0,0.01
315181301,operation risk,operation risk,0.14496794,0.06541906,0.06647696,0.72313607,0.0,0.0,0.0,0.0,0.0,0.0,0.0,0.0,-0.36510522700000003,3.0,100.0,0.01
1097385336,operation risk,operation risk,0.044548463,0.042607255,0.4507488,0.46209544,0.0,0.0,0.0,0.0,0.0,0.0,0.0,0.0,-10.80126972,2.5,50.0,0.01
1194652581,operation risk,operation risk,0.07221283,0.07337518,0.07344875,0.78096324,0.0,0.0,0.0,0.0,0.0,0.0,0.0,0.0,-0.369890464,1.0,0.0,0.01
763126220,operation risk,operation risk,0.07156307,0.08518179,0.07156632,0.7716888,0.0,0.0,0.0,0.0,0.0,0.0,0.0,0.0,-1.4532106740000001,2.0,0.0,0.01
706785836,operation risk,operation risk,0.08165724,0.072431475,0.07913303,0.7667783,0.0,0.0,0.0,0.0,0.0,0.0,0.0,0.0,0.0,0.0,100.0,0.01
120469233,others,legal risk,0.39555684,0.18663935,0.18622835,0.2315755,0.0,0.0,0.0,0.0,0.0,0.0,0.0,0.0,-0.8873788890000001,3.0,100.0,100.0
85055244,operation risk,operation risk,0.07478226,0.07152362,0.07718363,0.7765105,0.0,0.0,0.0,0.0,0.0,0.0,0.0,0.0,-0.537821849,3.0,88.0,88.0
300801599,operation risk,operation risk,0.12585993,0.12525487,0.12611273,0.62277246,0.0,0.0,0.0,0.0,0.0,0.0,0.0,0.0,0.0,0.0,3.0,3.0
661278803,operation risk,operation risk,0.26116797,0.05447871,0.05535969,0.6289937,0.0,0.0,0.0,0.0,0.0,0.0,0.0,0.0,0.0,0.0,1100.0,1100.0
195013822,operation risk,operation risk,0.27419862,0.16038528,0.16297889,0.40243724,0.0,0.0,0.0,0.0,0.0,0.0,0.0,0.0,0.0,0.0,100.0,100.0
532257916,operation risk,operation risk,0.07505554,0.07178498,0.072487056,0.78067243,0.0,0.0,0.0,0.0,0.0,0.0,0.0,0.0,-1.00031411,3.0,100.0,0.01
367563279,operation risk,operation risk,0.12906672,0.06770552,0.06816922,0.7350585,0.0,0.0,0.0,0.0,0.0,0.0,0.0,0.0,-0.462285625,5.0,3.0,3.0
559056077,operation risk,operation risk,0.071968496,0.07287171,0.07421303,0.7809468,0.0,0.0,0.0,0.0,0.0,0.0,0.0,0.0,0.483301406,2.0,1000.0,0.01
166396479,operation risk,others,0.15612692,0.39380714,0.13656783,0.3134981,0.0,0.0,0.0,0.0,0.0,0.0,0.0,0.0,0.0,0.0,3000.0,3000.0
910718749,operation risk,operation risk,0.072208636,0.07222356,0.08010262,0.7754652,0.0,0.0,0.0,0.0,0.0,0.0,0.0,0.0,0.0,0.0,1000.0,0.01
988033114,operation risk,operation risk,0.24985415,0.14203121,0.14300396,0.46511063,0.0,0.0,0.0,0.0,0.0,0.0,0.0,0.0,1.030357704,3.0,50.0,50.0
114126067,operation risk,legal risk,0.39253893,0.17229629,0.1750825,0.26008233,0.0,0.0,0.0,0.0,0.0,0.0,0.0,0.0,0.0,0.0,20.0,20.0
212531966,loan risk,loan risk,0.07357591,0.07497867,0.7758032,0.07564224,0.0,0.0,0.0,0.0,0.0,0.0,0.0,0.0,-5.1311385519999995,25.5,5000.0,0.01
778618681,operation risk,operation risk,0.05216773,0.052108612,0.33001396,0.5657097,0.0,0.0,0.0,0.0,0.0,0.0,0.0,0.0,0.099267381,2.0,2000.0,0.01
739577462,operation risk,operation risk,0.092253834,0.06289858,0.06332937,0.7815182,0.0,0.0,0.0,0.0,0.0,0.0,0.0,0.0,6.580638461,0.0,10.0,0.01
39447937,operation risk,operation risk,0.071414314,0.091811486,0.071652144,0.765122,0.0,0.0,0.0,0.0,0.0,0.0,0.0,0.0,0.0,0.0,2000.0,0.01
922231918,operation risk,operation risk,0.06797503,0.067899495,0.1680549,0.69607055,0.0,0.0,0.0,0.0,0.0,0.0,0.0,0.0,-0.732729375,8.0,0.0,0.01
582674865,operation risk,others,0.05027309,0.4769984,0.0479452,0.42478332,0.0,0.0,0.0,0.0,0.0,0.0,0.0,0.0,0.0,0.0,0.0,0.01
633789515,operation risk,operation risk,0.17516512,0.28221804,0.17696598,0.36565086,-1.21005940077229,-0.426092229612211,0.6289453026051489,-0.6774710421515161,0.3521250521588183,0.4626229239863803,-0.6774710421515161,-0.559801218182484,0.46334514,1.0,500.0,500.0
1171029049,operation risk,operation risk,0.07315688,0.07264647,0.07314401,0.7810526,0.0,0.0,0.0,0.0,0.0,0.0,0.0,0.0,0.0,0.0,10800.0,0.01
775583569,operation risk,operation risk,0.10118461,0.17504123,0.10941617,0.614358,0.0,0.0,0.0,0.0,0.0,0.0,0.0,0.0,3.6357902660000003,19.0,0.0,0.01
694459494,operation risk,operation risk,0.11385617,0.071345635,0.07249937,0.74229884,0.0,0.0,0.0,0.0,0.0,0.0,0.0,0.0,0.0,0.0,1000.0,1000.0
253442765,operation risk,others,0.13215974,0.3741823,0.13242519,0.3612328,0.0,0.0,0.0,0.0,0.0,0.0,0.0,0.0,0.0,0.0,0.0,0.01
905790224,operation risk,operation risk,0.31940222,0.052833244,0.05319509,0.5745694,0.0,0.0,0.0,0.0,0.0,0.0,0.0,0.0,-1.618048664,2.0,1000.0,0.01
830077550,operation risk,operation risk,0.3797448,0.05134972,0.051701404,0.51720405,0.0,0.0,0.0,0.0,0.0,0.0,0.0,0.0,0.0,0.0,50.0,0.01
1041614706,operation risk,operation risk,0.07667121,0.07658602,0.082825564,0.76391715,0.0,0.0,0.0,0.0,0.0,0.0,0.0,0.0,0.0,0.0,0.0,0.01
365163985,operation risk,operation risk,0.07284905,0.0726706,0.07316831,0.781312,0.0,0.0,0.0,0.0,0.0,0.0,0.0,0.0,0.0,0.0,50.0,0.01
583768839,operation risk,operation risk,0.07215057,0.09297781,0.072562374,0.76230925,0.0,0.0,0.0,0.0,0.0,0.0,0.0,0.0,0.0,0.0,520.0,520.0
696133386,operation risk,operation risk,0.07215057,0.09297781,0.072562374,0.76230925,0.0,0.0,0.0,0.0,0.0,0.0,0.0,0.0,0.0,0.0,1000.0,1000.0
871120598,operation risk,operation risk,0.07927911,0.07520309,0.07571816,0.7697997,0.0,0.0,0.0,0.0,0.0,0.0,0.0,0.0,-3.34977471,2.0,500.0,0.01
586195456,operation risk,operation risk,0.1221652,0.12202945,0.13046652,0.62533885,0.0,0.0,0.0,0.0,0.0,0.0,0.0,0.0,0.0,0.0,0.0,0.01
82122707,operation risk,operation risk,0.07222738,0.073213,0.07346355,0.7810961,0.0,0.0,0.0,0.0,0.0,0.0,0.0,0.0,-0.96875381,2.5,101.0,0.01
440892289,operation risk,operation risk,0.06773459,0.068584666,0.1294128,0.73426795,0.8536423812782429,2.1358688541848,2.7022943309813603,0.7903909021668791,2.5020651516698984,0.5081962872083995,0.7903909021668791,0.43381788876934,4.3813480039999995,4.0,5000.0,5000.0
27666724,operation risk,operation risk,0.07736882,0.07377343,0.07427868,0.7745791,730.365439494254,731.1192932178631,729.8772004956351,1.0017017831511719,1.001032159632486,0.0001322156888994,1.0017017831511719,0.0965657697311019,0.0,0.0,500.0,500.0
543705570,operation risk,operation risk,0.12686686,0.134296,0.13311788,0.60571927,0.0,0.0,0.0,0.0,0.0,0.0,0.0,0.0,0.0,0.0,0.0,0.01
695526356,operation risk,operation risk,0.24449158,0.25100684,0.24958095,0.25492063,0.0,0.0,0.0,0.0,0.0,0.0,0.0,0.0,0.0,0.0,500.0,500.0
1154191793,operation risk,operation risk,0.09451559,0.082345694,0.07783057,0.74530816,0.0,0.0,0.0,0.0,0.0,0.0,0.0,0.0,-0.36041098200000005,3.0,300.0,10.0
1107414197,operation risk,operation risk,0.16694106,0.14262311,0.13603759,0.55439824,0.0,0.0,0.0,0.0,0.0,0.0,0.0,0.0,0.0,0.0,0.0,0.01
1018494927,operation risk,operation risk,0.15197738,0.15327011,0.15239942,0.5423531,0.0,0.0,0.0,0.0,0.0,0.0,0.0,0.0,-6.460578264,2.0,10.0,10.0
364402560,operation risk,operation risk,0.37007618,0.046662625,0.04698221,0.53627896,0.0,0.0,0.0,0.0,0.0,0.0,0.0,0.0,0.0,0.0,50.0,0.01
444717725,legal risk,legal risk,0.47164452,0.050456915,0.050802495,0.42709607,0.0,0.0,0.0,0.0,0.0,0.0,0.0,0.0,0.430649953,5.0,100.0,100.0
1117215786,operation risk,legal risk,0.6684379,0.08081809,0.08137161,0.16937241,0.0,0.0,0.0,0.0,0.0,0.0,0.0,0.0,0.0,0.0,120.0,0.01
1233351534,operation risk,operation risk,0.076040685,0.07162534,0.07474371,0.7775903,0.237652426834565,-0.27386643533843597,0.446282353902438,-0.6136618061271275,-1.1523822373128148,-7.767541858254969,-0.6136618061271275,-1.8459751731533602,0.012965388000000001,3.0,10000.0,0.01
530658986,operation risk,operation risk,0.07557336,0.075487696,0.07622598,0.77271295,0.0,0.0,0.0,0.0,0.0,0.0,0.0,0.0,-0.285275221,2.0,100.0,0.01
1067569329,operation risk,operation risk,0.07264764,0.07266265,0.07451001,0.78017974,0.0,0.0,0.0,0.0,0.0,0.0,0.0,0.0,0.0,0.0,5500.0,0.01
1203938154,operation risk,operation risk,0.0739799,0.07218829,0.07552177,0.77831006,0.0,0.0,0.0,0.0,0.0,0.0,0.0,0.0,-1.215342526,0.0,200.0,200.0
265157141,operation risk,operation risk,0.34954622,0.044074018,0.04437588,0.56200385,0.0,0.0,0.0,0.0,0.0,0.0,0.0,0.0,0.0,0.0,50.0,0.01
873360537,operation risk,operation risk,0.10787995,0.05909825,0.3327806,0.50024116,3643.4997397823704,3899.88615622825,-255.923743827723,-15.238469467113953,1.0703681720205624,-0.0703060235388384,-15.238469467113953,-256.159978468891,795.0469469999999,2.0,1280.0,1280.0
836459599,operation risk,operation risk,0.06498053,0.06484034,0.1095522,0.760627,0.0,0.0,0.0,0.0,0.0,0.0,0.0,0.0,0.0,0.0,100.0,100.0
254014915,operation risk,operation risk,0.063684516,0.20706631,0.06381242,0.66543674,0.0,0.0,0.0,0.0,0.0,0.0,0.0,0.0,0.0,0.0,11.0,11.0
357346052,others,others,0.070826925,0.75382864,0.085793644,0.089550845,0.0,0.0,0.0,0.0,0.0,0.0,0.0,0.0,0.0,0.0,0.0,0.01
1150249253,operation risk,operation risk,0.111064896,0.11031439,0.111069925,0.6675508,0.0,0.0,0.0,0.0,0.0,0.0,0.0,0.0,0.0,0.0,0.0,0.01
214295629,operation risk,operation risk,0.07220754,0.0721257,0.072619684,0.7830471,0.0,0.0,0.0,0.0,0.0,0.0,0.0,0.0,-0.05956934,4.0,100.0,100.0
852094752,operation risk,operation risk,0.19057651,0.07729837,0.077827774,0.65429735,4.065235002103,-0.27721936229832395,-0.317323325005785,0.8736179803147788,-0.0681927027969883,0.0181155069070699,0.8736179803147788,0.0736437927594592,-2.190146898,3.0,10.0,10.0
1160649661,operation risk,operation risk,0.072350994,0.073301524,0.07462419,0.7797233,0.0,0.0,0.0,0.0,0.0,0.0,0.0,0.0,-4500716.815,6.5,20000.0,20000.0
902490086,operation risk,operation risk,0.07300905,0.07265806,0.073155686,0.78117716,0.0,0.0,0.0,0.0,0.0,0.0,0.0,0.0,0.0,0.0,5.0,0.01
163710962,operation risk,operation risk,0.07418353,0.07256601,0.073063,0.7801875,0.0,0.0,0.0,0.0,0.0,0.0,0.0,0.0,0.0,0.0,600.0,0.01
549474254,operation risk,operation risk,0.072919875,0.07266505,0.07316272,0.7812523,0.0,0.0,0.0,0.0,0.0,0.0,0.0,0.0,0.0,0.0,1000.0,0.01
105797169,operation risk,operation risk,0.06926124,0.11096504,0.071209274,0.7485645,0.0,0.0,0.0,0.0,0.0,0.0,0.0,0.0,358.2857441,1.5,3000.0,0.01
534082754,operation risk,operation risk,0.07209958,0.07325662,0.07305777,0.781586,0.0,0.0,0.0,0.0,0.0,0.0,0.0,0.0,-5340.272246,1.0,1000.0,1000.0
1071445360,operation risk,operation risk,0.072004035,0.07274241,0.074703336,0.78055024,0.0,0.0,0.0,0.0,0.0,0.0,0.0,0.0,1.338093515,3.0,1000.0,1000.0
459791316,legal risk,legal risk,0.7628969,0.076141275,0.077372566,0.083589256,0.0,0.0,0.0,0.0,0.0,0.0,0.0,0.0,-0.596661312,3.0,10.0,10.0
353587921,operation risk,operation risk,0.12130594,0.122182146,0.12131144,0.6352005,0.0,0.0,0.0,0.0,0.0,0.0,0.0,0.0,0.75349373,5.0,0.0,0.01
1197260202,loan risk,operation risk,0.06702375,0.066970766,0.41013595,0.4558695,0.0,0.0,0.0,0.0,0.0,0.0,0.0,0.0,-14.56443041,5.5,10200.0,10200.0
31485576,operation risk,operation risk,0.07272889,0.073668994,0.07314398,0.7804581,0.0,0.0,0.0,0.0,0.0,0.0,0.0,0.0,0.0,0.0,1000.0,1000.0
1085857349,operation risk,operation risk,0.10731419,0.10400492,0.108443215,0.68023765,0.0,0.0,0.0,0.0,0.0,0.0,0.0,0.0,0.8022823990000001,6.0,2000.0,0.01
840403226,operation risk,operation risk,0.070659526,0.10559025,0.07212277,0.7516275,0.0,0.0,0.0,0.0,0.0,0.0,0.0,0.0,463848.05700000003,15.0,1000.0,0.01
1100869661,operation risk,operation risk,0.07290292,0.07400625,0.07304933,0.7800415,0.0,0.0,0.0,0.0,0.0,0.0,0.0,0.0,0.0,0.0,50.0,10.0
1170338772,operation risk,legal risk,0.44625857,0.05606048,0.05644444,0.44123656,0.0,0.0,0.0,0.0,0.0,0.0,0.0,0.0,0.0,0.0,1000.0,0.01
634673813,operation risk,operation risk,0.073813535,0.0747754,0.07918931,0.77222174,0.8606093825335792,1.27469429438985,-30.2796846418201,-0.0420973437956264,1.4811531459687688,-23.066725995722155,-0.0420973437956264,-19.8514408162497,-0.035428193,4.0,200.0,0.01
284778927,operation risk,operation risk,0.08798787,0.07831101,0.074991174,0.7587099,0.0,0.0,0.0,0.0,0.0,0.0,0.0,0.0,1.247083481,13.0,0.0,0.01
829944891,operation risk,operation risk,0.07767112,0.07758483,0.08390575,0.76083827,0.0,0.0,0.0,0.0,0.0,0.0,0.0,0.0,0.0,0.0,0.0,0.01
150872418,operation risk,operation risk,0.077382386,0.06554692,0.065995835,0.7910748,0.0,0.0,0.0,0.0,0.0,0.0,0.0,0.0,0.0,0.0,100.0,0.01
1190925362,operation risk,operation risk,0.09304911,0.075177446,0.07569234,0.7560811,0.0,0.0,0.0,0.0,0.0,0.0,0.0,0.0,0.0,0.0,10.0,0.01
438703390,operation risk,operation risk,0.07369138,0.073607855,0.07411198,0.7785888,0.0,0.0,0.0,0.0,0.0,0.0,0.0,0.0,0.0,0.0,2000.0,2000.0
4731015,operation risk,operation risk,0.22735122,0.21640186,0.21788397,0.33836293,0.0,0.0,0.0,0.0,0.0,0.0,0.0,0.0,0.0,0.0,50.0,50.0
21495398,operation risk,operation risk,0.07433213,0.074360386,0.074075095,0.7772324,0.0,0.0,0.0,0.0,0.0,0.0,0.0,0.0,5.221673277,3.0,300.0,0.01
1195500750,operation risk,operation risk,0.074038185,0.09142676,0.07958843,0.7549466,0.0,0.0,0.0,0.0,0.0,0.0,0.0,0.0,0.995712358,3.0,2000.0,0.01
862518655,operation risk,operation risk,0.091705985,0.09160409,0.25165212,0.56503785,0.0,0.0,0.0,0.0,0.0,0.0,0.0,0.0,0.0,0.0,0.0,0.01
277248694,operation risk,loan risk,0.058147945,0.05091677,0.53865653,0.35227874,0.0,0.0,0.0,0.0,0.0,0.0,0.0,0.0,4572680.688,7.0,23000.0,30000.0
269763255,operation risk,legal risk,0.74515253,0.075813435,0.076332666,0.10270143,0.0,0.0,0.0,0.0,0.0,0.0,0.0,0.0,0.0,0.0,1000.0,1000.0
515804857,legal risk,legal risk,0.7535921,0.080619894,0.08145443,0.08433358,0.0,0.0,0.0,0.0,0.0,0.0,0.0,0.0,-2.184177814,5.0,100.0,100.0
605679896,operation risk,operation risk,0.072368026,0.072115146,0.07260905,0.7829078,0.0,0.0,0.0,0.0,0.0,0.0,0.0,0.0,-0.316440838,1.0,4000.0,800.0
1191254660,operation risk,operation risk,0.103426196,0.102928996,0.10363393,0.6900109,0.0,0.0,0.0,0.0,0.0,0.0,0.0,0.0,0.7960500970000001,3.0,50.0,50.0
927879748,operation risk,operation risk,0.07265913,0.07257841,0.24522923,0.60953325,0.0,0.0,0.0,0.0,0.0,0.0,0.0,0.0,0.0,0.0,0.0,0.01
1094485325,operation risk,operation risk,0.072368026,0.072115146,0.07260905,0.7829078,0.0,0.0,0.0,0.0,0.0,0.0,0.0,0.0,-0.45651491899999996,2.0,500.0,0.01
1202136378,operation risk,operation risk,0.07164765,0.071259,0.084492505,0.7726008,0.0,0.0,0.0,0.0,0.0,0.0,0.0,0.0,1.510677386,2.0,0.0,0.01
998671920,operation risk,operation risk,0.07262386,0.072274715,0.07276971,0.7823317,0.0,0.0,0.0,0.0,0.0,0.0,0.0,0.0,0.0,0.0,5.0,5.0
470602015,operation risk,operation risk,0.1525091,0.12283567,0.12367696,0.60097826,0.0,0.0,0.0,0.0,0.0,0.0,0.0,0.0,0.0,0.0,100.0,0.01
378554813,operation risk,operation risk,0.08719509,0.0859131,0.08194612,0.7449457,0.0,0.0,0.0,0.0,0.0,0.0,0.0,0.0,0.0,0.0,0.0,0.01
1189382204,operation risk,operation risk,0.07716366,0.07662531,0.0771501,0.7690609,0.0,0.0,0.0,0.0,0.0,0.0,0.0,0.0,0.0,0.0,500.0,500.0
1171087251,operation risk,operation risk,0.079158396,0.06586855,0.16367319,0.69129986,0.0,0.0,0.0,0.0,0.0,0.0,0.0,0.0,0.0,0.0,2.0,0.01
434535004,operation risk,operation risk,0.07558753,0.07653618,0.076815076,0.77106124,0.0,0.0,0.0,0.0,0.0,0.0,0.0,0.0,-1.286495154,2.0,1000.0,1000.0
914057908,operation risk,operation risk,0.074260555,0.07538443,0.07440969,0.7759453,0.0,0.0,0.0,0.0,0.0,0.0,0.0,0.0,0.0,0.0,50.0,50.0
1117127933,operation risk,operation risk,0.16694106,0.14262311,0.13603759,0.55439824,0.0,0.0,0.0,0.0,0.0,0.0,0.0,0.0,0.0,0.0,0.0,0.01
1203097851,operation risk,operation risk,0.070480496,0.07099184,0.10101122,0.75751644,0.0,0.0,0.0,0.0,0.0,0.0,0.0,0.0,-5.2271756830000005,5.0,5000.0,0.01
846278181,others,operation risk,0.09507441,0.09474428,0.10605987,0.7041214,0.0,0.0,0.0,0.0,0.0,0.0,0.0,0.0,0.0,0.0,0.0,0.01
809694360,operation risk,legal risk,0.5092207,0.06885767,0.06932926,0.35259238,0.0,0.0,0.0,0.0,0.0,0.0,0.0,0.0,0.0,0.0,500.0,0.01
813963206,operation risk,operation risk,0.07156307,0.08518179,0.07156632,0.7716888,0.0,0.0,0.0,0.0,0.0,0.0,0.0,0.0,0.184440254,2.0,0.0,0.01
836262811,operation risk,operation risk,0.08433633,0.071182825,0.071670346,0.7728105,0.0,0.0,0.0,0.0,0.0,0.0,0.0,0.0,-0.16071079800000002,2.0,3.0,3.0
304651929,operation risk,operation risk,0.08575103,0.06864479,0.11322246,0.7323817,0.0,0.0,0.0,0.0,0.0,0.0,0.0,0.0,-3.36792981,5.0,0.0,0.01
1196771758,operation risk,operation risk,0.07567438,0.07665219,0.07566108,0.7720124,0.0,0.0,0.0,0.0,0.0,0.0,0.0,0.0,0.0,0.0,2000.0,2000.0
16959685,operation risk,operation risk,0.07669165,0.072104365,0.074353434,0.7768506,0.0,0.0,0.0,0.0,0.0,0.0,0.0,0.0,0.0,0.0,1000.0,0.01
722657309,operation risk,operation risk,0.065375105,0.06506081,0.065506406,0.8040577,0.0,0.0,0.0,0.0,0.0,0.0,0.0,0.0,0.0,0.0,20.0,20.0
137903147,operation risk,operation risk,0.22312199,0.14472124,0.1457124,0.48644438,0.0,0.0,0.0,0.0,0.0,0.0,0.0,0.0,-6784.810572,1.0,100.0,100.0
55154477,operation risk,operation risk,0.07300905,0.07265806,0.073155686,0.78117716,0.0,0.0,0.0,0.0,0.0,0.0,0.0,0.0,0.0,0.0,3.0,0.01
770012999,operation risk,operation risk,0.07156307,0.08518179,0.07156632,0.7716888,0.0,0.0,0.0,0.0,0.0,0.0,0.0,0.0,0.441029867,2.0,0.0,0.01
83592198,operation risk,operation risk,0.07215057,0.09297781,0.072562374,0.76230925,0.0,0.0,0.0,0.0,0.0,0.0,0.0,0.0,0.0,0.0,2000.0,2000.0
307832564,operation risk,operation risk,0.07284905,0.0726706,0.07316831,0.781312,0.0,0.0,0.0,0.0,0.0,0.0,0.0,0.0,0.399124826,3.0,10.0,0.01
71633561,operation risk,operation risk,0.07077502,0.0890154,0.072982326,0.76722723,0.0,0.0,0.0,0.0,0.0,0.0,0.0,0.0,241.45517009999998,1.5,10.0,10.0
755554204,operation risk,operation risk,0.111234605,0.06961106,0.07073675,0.7484176,0.0,0.0,0.0,0.0,0.0,0.0,0.0,0.0,0.0,0.0,10.0,0.01
1095255395,operation risk,operation risk,0.39315656,0.049384356,0.04972258,0.5077365,0.0,0.0,0.0,0.0,0.0,0.0,0.0,0.0,0.0,0.0,10.0,0.01
758480735,operation risk,operation risk,0.09808275,0.07263097,0.07089013,0.7583962,0.0,0.0,0.0,0.0,0.0,0.0,0.0,0.0,0.030052762,3.0,1000.0,1000.0
773782695,operation risk,operation risk,0.32079783,0.05057039,0.05091675,0.57771504,0.0,0.0,0.0,0.0,0.0,0.0,0.0,0.0,-0.468452421,2.0,50.0,0.01
1177621078,operation risk,operation risk,0.07324634,0.072639465,0.07313696,0.78097725,0.0,0.0,0.0,0.0,0.0,0.0,0.0,0.0,0.0,0.0,10.0,0.01
477076356,loan risk,operation risk,0.07249432,0.08021256,0.14938194,0.69791114,0.0,0.0,0.0,0.0,0.0,0.0,0.0,0.0,14.8301508,4.0,30000.0,30000.0
1169874443,loan risk,operation risk,0.04514634,0.044874858,0.42615306,0.48382577,0.0,0.0,0.0,0.0,0.0,0.0,0.0,0.0,-0.226911337,6.0,3000.0,3000.0
779872233,operation risk,operation risk,0.073482476,0.07202659,0.07251988,0.781971,0.0,0.0,0.0,0.0,0.0,0.0,0.0,0.0,0.052465854000000006,3.0,100.0,100.0
606066033,legal risk,legal risk,0.5347769,0.067429624,0.067891434,0.32990202,0.0,0.0,0.0,0.0,0.0,0.0,0.0,0.0,0.0,0.0,100.0,0.01
1161569194,operation risk,operation risk,0.111064896,0.11031439,0.111069925,0.6675508,0.0,0.0,0.0,0.0,0.0,0.0,0.0,0.0,0.0,0.0,0.0,0.01
560956242,operation risk,operation risk,0.07559008,0.0755044,0.07602153,0.77288395,0.0,0.0,0.0,0.0,0.0,0.0,0.0,0.0,-4.840913949,2.0,1000.0,0.01
1112373491,operation risk,operation risk,0.28908852,0.0767778,0.06441133,0.56972235,0.0,0.0,0.0,0.0,0.0,0.0,0.0,0.0,0.0,0.0,0.0,0.01
146477661,operation risk,operation risk,0.087368526,0.08715453,0.08775143,0.7377255,0.0,0.0,0.0,0.0,0.0,0.0,0.0,0.0,3.451042774,3.0,50.0,50.0
959410697,operation risk,operation risk,0.39474922,0.04772752,0.048054397,0.50946885,0.0,0.0,0.0,0.0,0.0,0.0,0.0,0.0,0.0,0.0,50.0,0.01
266783579,operation risk,operation risk,0.07199214,0.07289563,0.07469098,0.7804212,0.0,0.0,0.0,0.0,0.0,0.0,0.0,0.0,-2962.4459190000002,1.0,5000.0,5000.0
296846936,operation risk,operation risk,0.07485026,0.079731904,0.07643536,0.7689825,0.0,0.0,0.0,0.0,0.0,0.0,0.0,0.0,5.928705485,5.0,0.0,0.01
1230336904,operation risk,operation risk,0.07217706,0.07192485,0.075056255,0.7808418,0.0,0.0,0.0,0.0,0.0,0.0,0.0,0.0,-0.528263783,3.0,500.0,0.01
126395312,loan risk,loan risk,0.2048305,0.23998271,0.34581113,0.20937563,107739.52725675426,49784.24870540575,57953.92208443581,0.8590315705099774,0.4620797025289039,0.0334075881869769,0.8590315705099774,3599.317758053225,0.528749034,1.0,2000.0,2000.0
246124439,operation risk,operation risk,0.07296324,0.072708264,0.07320623,0.78112227,0.0,0.0,0.0,0.0,0.0,0.0,0.0,0.0,0.0,0.0,100.0,100.0
649944968,operation risk,operation risk,0.08163002,0.07099426,0.07661237,0.77076334,100.209982640975,-0.6887918560640991,-0.580549867042992,1.1864473582130564,-0.0068734854343988,-0.004003266577456,1.1864473582130564,-0.4011672742340645,-3.184582068,2.0,100.0,100.0
1034982777,operation risk,operation risk,0.12637919,0.06911757,0.06885555,0.7356477,0.0,0.0,0.0,0.0,0.0,0.0,0.0,0.0,-0.898507594,4.0,1000.0,1000.0
1219036670,operation risk,operation risk,0.07245403,0.07229771,0.0789869,0.7762614,0.0,0.0,0.0,0.0,0.0,0.0,0.0,0.0,0.0,0.0,300.0,0.01
1180550222,operation risk,operation risk,0.08828399,0.07749819,0.078751415,0.7554664,0.0,0.0,0.0,0.0,0.0,0.0,0.0,0.0,0.0,0.0,500.0,500.0
348589037,others,others,0.0707685,0.75320673,0.08572286,0.09030187,0.0,0.0,0.0,0.0,0.0,0.0,0.0,0.0,0.0,0.0,0.0,0.01
139799966,operation risk,operation risk,0.16433187,0.16376129,0.16886927,0.50303763,0.0,0.0,0.0,0.0,0.0,0.0,0.0,0.0,0.0,0.0,0.0,0.01
803199349,others,operation risk,0.09819468,0.09808557,0.24764673,0.556073,0.0,0.0,0.0,0.0,0.0,0.0,0.0,0.0,0.0,0.0,0.0,0.01
807545963,operation risk,operation risk,0.084365785,0.06482609,0.06527009,0.785538,8.933262815347845,-0.2287711454813389,10.211363362953499,-0.0224035848446362,-0.0256089124668197,-0.2209255489526367,-0.0224035848446362,-1.9735859914188998,0.0,0.0,10.0,0.01
314113513,operation risk,operation risk,0.06630706,0.06919228,0.06428617,0.80021447,0.0,0.0,0.0,0.0,0.0,0.0,0.0,0.0,0.0,0.0,50.0,0.01
1026610675,operation risk,others,0.23644327,0.28143927,0.23645398,0.24566352,0.0,0.0,0.0,0.0,0.0,0.0,0.0,0.0,-0.180730785,3.0,0.0,0.01
524732550,operation risk,operation risk,0.40348607,0.050875254,0.051223688,0.49441496,0.0,0.0,0.0,0.0,0.0,0.0,0.0,0.0,0.0,0.0,10.0,0.01
536607799,operation risk,operation risk,0.41704684,0.052585125,0.052945267,0.47742274,0.0,0.0,0.0,0.0,0.0,0.0,0.0,0.0,0.0,0.0,1000.0,0.01
49593012,operation risk,operation risk,0.07300905,0.07265806,0.073155686,0.78117716,0.0,0.0,0.0,0.0,0.0,0.0,0.0,0.0,0.0,0.0,50.0,0.01
635792996,operation risk,operation risk,0.12531655,0.1249239,0.1360788,0.6136807,0.0,0.0,0.0,0.0,0.0,0.0,0.0,0.0,-1.302402958,3.5,500.0,500.0
1045219594,operation risk,operation risk,0.07284905,0.0726706,0.07316831,0.781312,0.0,0.0,0.0,0.0,0.0,0.0,0.0,0.0,0.0,0.0,50.0,0.01
514427770,operation risk,operation risk,0.1395571,0.13906941,0.14002188,0.5813516,0.0,0.0,0.0,0.0,0.0,0.0,0.0,0.0,0.0,0.0,490.0,490.0
1229741895,operation risk,operation risk,0.07296242,0.072453365,0.07560781,0.77897644,0.0,0.0,0.0,0.0,0.0,0.0,0.0,0.0,0.0,0.0,500.0,0.01
1151354220,operation risk,operation risk,0.071750425,0.072729535,0.07955759,0.7759625,0.0,0.0,0.0,0.0,0.0,0.0,0.0,0.0,-0.20757567899999999,6.0,0.0,0.01
417928253,operation risk,operation risk,0.19837676,0.076532036,0.07728054,0.6478107,0.0,0.0,0.0,0.0,0.0,0.0,0.0,0.0,-2.495737437,1.0,1000.0,1000.0
855400778,operation risk,operation risk,0.076008104,0.07700725,0.076011546,0.7709731,0.0,0.0,0.0,0.0,0.0,0.0,0.0,0.0,0.0,0.0,0.0,0.01
274537741,operation risk,operation risk,0.41704684,0.052585125,0.052945267,0.47742274,0.0,0.0,0.0,0.0,0.0,0.0,0.0,0.0,0.0,0.0,1000.0,0.01
395461144,others,others,0.07351619,0.76353997,0.072498836,0.090445064,0.0,0.0,0.0,0.0,0.0,0.0,0.0,0.0,0.0,0.0,100.0,100.0
115383990,legal risk,legal risk,0.73345375,0.08121622,0.08177248,0.103557564,0.0,0.0,0.0,0.0,0.0,0.0,0.0,0.0,0.0,0.0,10.0,10.0
1151359164,operation risk,operation risk,0.072919875,0.07266505,0.07316272,0.7812523,0.0,0.0,0.0,0.0,0.0,0.0,0.0,0.0,0.0,0.0,500.0,0.01
1133220134,operation risk,operation risk,0.063086815,0.14101721,0.12235545,0.6735405,0.0,0.0,0.0,0.0,0.0,0.0,0.0,0.0,-39532.027160000005,11.0,61224.9,0.01
640450849,operation risk,operation risk,0.0760322,0.07725234,0.077516735,0.7691988,0.0,0.0,0.0,0.0,0.0,0.0,0.0,0.0,-1.191479633,3.0,2000.0,0.01
781576227,operation risk,operation risk,0.07199214,0.07289563,0.07469098,0.7804212,2100.04891728456,1068.926011680583,1031.6704309257648,1.0361119012797404,0.5090005298842009,-0.000304766544903,1.0361119012797404,-0.6400246526481915,-1.7727181680000001,2.0,1000.0,1000.0
909985325,operation risk,operation risk,0.34687832,0.04624044,0.04655714,0.5603241,0.0,0.0,0.0,0.0,0.0,0.0,0.0,0.0,0.0,0.0,30.0,0.01
632218956,operation risk,operation risk,0.07300905,0.07265806,0.073155686,0.78117716,0.0,0.0,0.0,0.0,0.0,0.0,0.0,0.0,-0.5255603120000001,2.0,5.0,0.01
135026013,operation risk,operation risk,0.07310367,0.07165528,0.0773257,0.77791536,0.0,0.0,0.0,0.0,0.0,0.0,0.0,0.0,-0.25653969,3.0,300.0,0.01
313133445,operation risk,operation risk,0.07955783,0.07912627,0.09382195,0.7474939,0.0,0.0,0.0,0.0,0.0,0.0,0.0,0.0,0.0,0.0,0.0,0.01
40304519,operation risk,operation risk,0.072207026,0.07212679,0.081829175,0.77383703,0.0,0.0,0.0,0.0,0.0,0.0,0.0,0.0,0.0,0.0,0.0,0.01
634924543,operation risk,operation risk,0.07266749,0.074603945,0.07418015,0.77854836,0.0,0.0,0.0,0.0,0.0,0.0,0.0,0.0,0.0,0.0,500.0,0.01
453763779,operation risk,operation risk,0.07284905,0.0726706,0.07316831,0.781312,0.0,0.0,0.0,0.0,0.0,0.0,0.0,0.0,0.0,0.0,15.0,0.01
858841122,operation risk,operation risk,0.08726194,0.06854762,0.06766128,0.77652913,0.0,0.0,0.0,0.0,0.0,0.0,0.0,0.0,0.0,0.0,100.0,0.01
451276289,operation risk,operation risk,0.08049143,0.07994753,0.080495074,0.759066,0.0,0.0,0.0,0.0,0.0,0.0,0.0,0.0,0.0,0.0,0.0,0.01
578046916,operation risk,operation risk,0.048684567,0.38996124,0.05050966,0.5108445,0.0,0.0,0.0,0.0,0.0,0.0,0.0,0.0,13171514.35,32.0,16241.5761,1000.0
626617037,operation risk,operation risk,0.18507539,0.1427444,0.14372203,0.5284582,-0.4028806001530229,-0.588692921456907,0.0494689361926717,-11.90025431644749,1.4612094035635081,2.9477590235519533,-11.90025431644749,-1.1875949245151,0.08717477,3.5,1000.0,0.01
190939668,operation risk,operation risk,0.072919875,0.07266505,0.07316272,0.7812523,0.0,0.0,0.0,0.0,0.0,0.0,0.0,0.0,0.0,0.0,200.0,0.01
564619951,operation risk,operation risk,0.072919875,0.07266505,0.07316272,0.7812523,0.0,0.0,0.0,0.0,0.0,0.0,0.0,0.0,0.0,0.0,10000.0,0.01
574767005,operation risk,operation risk,0.07284905,0.0726706,0.07316831,0.781312,0.0,0.0,0.0,0.0,0.0,0.0,0.0,0.0,0.0,0.0,50.0,0.01
1031153973,operation risk,operation risk,0.12146207,0.06824906,0.06935272,0.74093616,0.0,0.0,0.0,0.0,0.0,0.0,0.0,0.0,-66714.77148,2.5,100.0,3.0
351807698,operation risk,operation risk,0.18994202,0.18972673,0.19102615,0.4293051,0.0,0.0,0.0,0.0,0.0,0.0,0.0,0.0,-0.018945451999999998,2.0,100.0,100.0
1220212463,operation risk,operation risk,0.08102193,0.076208726,0.07522335,0.767546,0.0,0.0,0.0,0.0,0.0,0.0,0.0,0.0,0.0,0.0,0.0,0.01
137420711,operation risk,operation risk,0.07284905,0.0726706,0.07316831,0.781312,0.0,0.0,0.0,0.0,0.0,0.0,0.0,0.0,0.0,0.0,10.0,0.01
771224914,operation risk,operation risk,0.07382232,0.07497435,0.07658977,0.77461356,1.42498576041897,1.22775361474901,-0.34676285651994704,-3.5406145487164813,0.8615900936357636,-0.543030469522258,-3.5406145487164813,-0.7738106865428449,2337797.091,97.5,30000.0,14163.0
807448595,operation risk,operation risk,0.043661002,0.45519394,0.04385234,0.45729277,0.0,0.0,0.0,0.0,0.0,0.0,0.0,0.0,0.0,0.0,50.0,50.0
911243271,operation risk,operation risk,0.072919875,0.07266505,0.07316272,0.7812523,0.0,0.0,0.0,0.0,0.0,0.0,0.0,0.0,0.0,0.0,5000.0,0.01
115339998,operation risk,others,0.062483445,0.65143,0.06275728,0.22332928,0.0,0.0,0.0,0.0,0.0,0.0,0.0,0.0,0.0,0.0,50.0,50.0
57403793,operation risk,operation risk,0.072919875,0.07266505,0.07316272,0.7812523,0.0,0.0,0.0,0.0,0.0,0.0,0.0,0.0,0.0,0.0,100.0,0.01
931883693,operation risk,operation risk,0.08905083,0.0689448,0.06576782,0.7762366,0.0,0.0,0.0,0.0,0.0,0.0,0.0,0.0,0.0,0.0,1000.0,1000.0
26019577,operation risk,operation risk,0.071756154,0.07638668,0.073994055,0.7778631,0.0,0.0,0.0,0.0,0.0,0.0,0.0,0.0,4.1661584430000005,11.0,0.0,0.01
1106523479,operation risk,operation risk,0.07284905,0.0726706,0.07316831,0.781312,0.0,0.0,0.0,0.0,0.0,0.0,0.0,0.0,0.0,0.0,50.0,0.01
411188025,operation risk,operation risk,0.11799213,0.06856645,0.06903605,0.7444054,0.0,0.0,0.0,0.0,0.0,0.0,0.0,0.0,-0.044185945,1.5,3.0,3.0
1037965169,operation risk,operation risk,0.07429436,0.073937185,0.074443564,0.7773249,0.0,0.0,0.0,0.0,0.0,0.0,0.0,0.0,0.0,0.0,10.0,10.0
58165557,operation risk,operation risk,0.072919875,0.07266505,0.07316272,0.7812523,0.0,0.0,0.0,0.0,0.0,0.0,0.0,0.0,0.0,0.0,1000.0,200.0
1129291635,operation risk,operation risk,0.30385947,0.0631506,0.06284303,0.5701469,0.0,0.0,0.0,0.0,0.0,0.0,0.0,0.0,0.0,0.0,1000.0,0.01
97599295,operation risk,operation risk,0.06914514,0.066132136,0.06658506,0.79813766,0.0,0.0,0.0,0.0,0.0,0.0,0.0,0.0,1.393549805,3.0,200.0,0.01
210467886,operation risk,operation risk,0.070975125,0.114351876,0.07214605,0.7425269,0.0,0.0,0.0,0.0,0.0,0.0,0.0,0.0,0.23415588899999998,1.5,200.0,0.01
830536275,operation risk,operation risk,0.07174117,0.07247685,0.07730193,0.77848,0.0,0.0,0.0,0.0,0.0,0.0,0.0,0.0,48.65328576,3.0,100.0,0.01
772043264,operation risk,operation risk,0.14885697,0.13825645,0.14177145,0.57111514,0.0,0.0,0.0,0.0,0.0,0.0,0.0,0.0,0.0,0.0,0.0,0.01
593136513,operation risk,operation risk,0.059669696,0.2500037,0.05888804,0.63143855,0.0,0.0,0.0,0.0,0.0,0.0,0.0,0.0,-0.655974307,3.5,100.0,100.0
693676134,operation risk,operation risk,0.118035555,0.11813032,0.12775451,0.6360796,0.0,0.0,0.0,0.0,0.0,0.0,0.0,0.0,0.0,0.0,0.0,0.01
304078443,operation risk,operation risk,0.072454795,0.07210648,0.07260033,0.7828384,0.0,0.0,0.0,0.0,0.0,0.0,0.0,0.0,-0.446595719,3.0,10.0,10.0
163955432,operation risk,operation risk,0.07296549,0.07969757,0.07191481,0.7754221,0.0,0.0,0.0,0.0,0.0,0.0,0.0,0.0,0.141273172,10.0,5.0,0.01
541074519,operation risk,operation risk,0.097125635,0.10203197,0.097320706,0.7035217,0.0,0.0,0.0,0.0,0.0,0.0,0.0,0.0,0.0,0.0,0.0,0.01
532398636,operation risk,operation risk,0.07222561,0.07321121,0.07346175,0.78110147,0.0,0.0,0.0,0.0,0.0,0.0,0.0,0.0,-0.240424103,1.5,100.0,100.0
133746071,operation risk,operation risk,0.1410253,0.06677587,0.06723321,0.7249656,0.0,0.0,0.0,0.0,0.0,0.0,0.0,0.0,-0.14208663800000002,3.0,10.0,10.0
1002915143,operation risk,operation risk,0.20264685,0.081321806,0.08216361,0.63386774,0.0,0.0,0.0,0.0,0.0,0.0,0.0,0.0,2.1962122,5.0,5.0,5.0
1090257579,operation risk,operation risk,0.091484554,0.09138088,0.0938689,0.72326565,0.0,0.0,0.0,0.0,0.0,0.0,0.0,0.0,-21788.91101,7.0,500.0,500.0
857785290,operation risk,operation risk,0.075455844,0.07789714,0.07692913,0.7697179,0.0,0.0,0.0,0.0,0.0,0.0,0.0,0.0,2.605281068,1.0,100.0,100.0
672691887,operation risk,operation risk,0.072454795,0.07210648,0.07260033,0.7828384,0.0,0.0,0.0,0.0,0.0,0.0,0.0,0.0,0.91513159,2.0,20.0,20.0
794816216,operation risk,operation risk,0.20717002,0.05705526,0.05744602,0.6783287,99.96229436719109,0.347565614152712,1.9182588831439498,0.1811880644509597,0.003476967153995,-0.011845664994826,0.1811880644509597,-1.18411985118793,0.0,0.0,100.0,0.01
422834113,operation risk,operation risk,0.072919875,0.07266505,0.07316272,0.7812523,0.0,0.0,0.0,0.0,0.0,0.0,0.0,0.0,0.0,0.0,118.5,0.01
314383006,operation risk,operation risk,0.071968496,0.07287171,0.07421303,0.7809468,0.0,0.0,0.0,0.0,0.0,0.0,0.0,0.0,-0.07130268599999999,2.0,1000.0,0.01
741587520,operation risk,operation risk,0.07217465,0.07311516,0.07465802,0.7800522,99.6970079389814,5.66171742104775,95.0809914714949,0.0595462598088822,0.0567892411025308,-65.08374854314704,0.0595462598088822,-6488.6549952048,-2526.944908,3.0,10000.0,100.0
86580773,operation risk,legal risk,0.7309392,0.08093779,0.08149213,0.10663081,0.0,0.0,0.0,0.0,0.0,0.0,0.0,0.0,0.0,0.0,10.0,10.0
615178523,operation risk,operation risk,0.07011617,0.06389097,0.18051662,0.68547624,0.0,0.0,0.0,0.0,0.0,0.0,0.0,0.0,0.0,0.0,1000.0,1000.0
919821609,operation risk,legal risk,0.507283,0.06762309,0.06808625,0.35700768,0.0,0.0,0.0,0.0,0.0,0.0,0.0,0.0,0.0,0.0,500.0,0.01
115726514,operation risk,operation risk,0.06917258,0.10888976,0.07132992,0.7506077,0.0,0.0,0.0,0.0,0.0,0.0,0.0,0.0,3.5743682289999996,3.0,500.0,0.01
563620881,operation risk,operation risk,0.072919875,0.07266505,0.07316272,0.7812523,0.0,0.0,0.0,0.0,0.0,0.0,0.0,0.0,0.0,0.0,100.0,50.0
1124148664,operation risk,operation risk,0.07381924,0.07456511,0.0815655,0.7700501,0.0,0.0,0.0,0.0,0.0,0.0,0.0,0.0,-0.668236018,5.0,1000.0,100.0
226030893,operation risk,legal risk,0.41565913,0.08585834,0.08524648,0.41323605,0.0,0.0,0.0,0.0,0.0,0.0,0.0,0.0,0.0,0.0,100.0,0.01
1062569770,operation risk,operation risk,0.3881803,0.04693329,0.047254737,0.5176317,0.0,0.0,0.0,0.0,0.0,0.0,0.0,0.0,0.0,0.0,50.0,0.01
225803089,operation risk,operation risk,0.072919875,0.07266505,0.07316272,0.7812523,0.0,0.0,0.0,0.0,0.0,0.0,0.0,0.0,0.0,0.0,400.0,0.01
170689014,operation risk,operation risk,0.08490108,0.08009879,0.08085983,0.7541403,0.0,0.0,0.0,0.0,0.0,0.0,0.0,0.0,148.9774045,13.0,0.0,0.01
902332511,others,operation risk,0.078545704,0.08154405,0.08374172,0.7561685,0.0,0.0,0.0,0.0,0.0,0.0,0.0,0.0,0.034621598999999996,4.0,10.0,10.0
388516157,operation risk,operation risk,0.073585436,0.11988436,0.0692692,0.737261,0.0,0.0,0.0,0.0,0.0,0.0,0.0,0.0,4.666251936,10.0,1000.0,0.01
808770323,operation risk,operation risk,0.097187795,0.09526224,0.09785594,0.709694,0.0,0.0,0.0,0.0,0.0,0.0,0.0,0.0,4107.977898,0.0,1000.0,1000.0
618578351,operation risk,operation risk,0.07413338,0.07251695,0.07368963,0.77966005,0.0,0.0,0.0,0.0,0.0,0.0,0.0,0.0,0.0,0.0,3000.0,0.01
143364110,operation risk,operation risk,0.1175037,0.09622184,0.09688085,0.68939364,0.0,0.0,0.0,0.0,0.0,0.0,0.0,0.0,0.773523761,4.5,100.0,100.0
170154605,operation risk,operation risk,0.07362289,0.072017595,0.07251082,0.7818487,201.01823536187402,0.9626762388071141,201.25106267106702,0.0047834591580793,0.0047889995505835,0.0467646099548132,0.0047834591580793,9.40053937050289,0.37344420100000003,4.0,200.0,0.01
449089289,operation risk,operation risk,0.07208713,0.072991826,0.07349462,0.7814264,0.0,0.0,0.0,0.0,0.0,0.0,0.0,0.0,-2820.778811,1.0,10000.0,0.01
1003598251,operation risk,operation risk,0.08001537,0.07522929,0.082189694,0.7625657,0.0,0.0,0.0,0.0,0.0,0.0,0.0,0.0,0.0,0.0,500.0,0.01
639523185,loan risk,loan risk,0.073635995,0.073552534,0.7781238,0.07468768,0.0,0.0,0.0,0.0,0.0,0.0,0.0,0.0,0.6985650170000001,1.0,4000.0,4000.0
1151926621,operation risk,operation risk,0.073484294,0.07202837,0.07252168,0.7819657,0.0,0.0,0.0,0.0,0.0,0.0,0.0,0.0,-0.380438372,3.0,3000.0,0.01
165029844,others,operation risk,0.16817,0.1679794,0.32737663,0.33647397,0.0,0.0,0.0,0.0,0.0,0.0,0.0,0.0,-1.34543592,3.0,9999.0,9999.0
1083257511,operation risk,operation risk,0.073976085,0.07371923,0.08758612,0.7647186,0.0,0.0,0.0,0.0,0.0,0.0,0.0,0.0,0.0,0.0,10.0,10.0
523987485,loan risk,loan risk,0.16722143,0.16696988,0.49626192,0.16954674,0.0,0.0,0.0,0.0,0.0,0.0,0.0,0.0,14184.92886,5.5,10080.0,10080.0
203509981,legal risk,legal risk,0.67841876,0.069023795,0.07014,0.18241747,0.0,0.0,0.0,0.0,0.0,0.0,0.0,0.0,0.0,0.0,2000.0,2000.0
846275858,operation risk,operation risk,0.075225614,0.06126298,0.06168257,0.8018288,0.0,0.0,0.0,0.0,0.0,0.0,0.0,0.0,0.0,0.0,10.0,0.01
239317026,operation risk,operation risk,0.07300905,0.07265806,0.073155686,0.78117716,0.0,0.0,0.0,0.0,0.0,0.0,0.0,0.0,0.0,0.0,50.0,0.01
322323136,operation risk,operation risk,0.10631458,0.10168192,0.102378316,0.6896252,0.0,0.0,0.0,0.0,0.0,0.0,0.0,0.0,0.0,0.0,200.0,0.01
36205817,operation risk,operation risk,0.089627475,0.1029355,0.067861535,0.7395755,0.0,0.0,0.0,0.0,0.0,0.0,0.0,0.0,0.0,0.0,4.0,0.01
347193582,operation risk,operation risk,0.38707268,0.0488057,0.04913996,0.5149816,0.0,0.0,0.0,0.0,0.0,0.0,0.0,0.0,0.0,0.0,500.0,0.01
764214585,operation risk,operation risk,0.07445821,0.2567219,0.064815916,0.60400397,0.0,0.0,0.0,0.0,0.0,0.0,0.0,0.0,0.0,0.0,10.0,0.01
196910950,operation risk,operation risk,0.07198377,0.075501375,0.07405332,0.7784615,0.0,0.0,0.0,0.0,0.0,0.0,0.0,0.0,1.8354591230000001,2.0,1000.0,0.01
305088290,operation risk,operation risk,0.12616162,0.12555511,0.12641501,0.62186825,0.0,0.0,0.0,0.0,0.0,0.0,0.0,0.0,0.0,0.0,10.0,10.0
518601962,operation risk,operation risk,0.083176345,0.083082065,0.08365107,0.75009054,0.0,0.0,0.0,0.0,0.0,0.0,0.0,0.0,0.0,0.0,2500.0,2500.0
920939603,operation risk,operation risk,0.075475775,0.071873546,0.0723658,0.7802849,0.0,0.0,0.0,0.0,0.0,0.0,0.0,0.0,0.7187796329999999,1.0,1.0,0.01
308649052,operation risk,others,0.07166306,0.6792779,0.070651405,0.17840764,0.0,0.0,0.0,0.0,0.0,0.0,0.0,0.0,-0.180012645,1.5,50.0,50.0
237634336,operation risk,operation risk,0.072706036,0.07262525,0.07489057,0.7797782,0.0,0.0,0.0,0.0,0.0,0.0,0.0,0.0,0.0,0.0,50.0,10.0
1092084658,operation risk,operation risk,0.07857782,0.07838535,0.0789222,0.7641146,0.0,0.0,0.0,0.0,0.0,0.0,0.0,0.0,0.0,0.0,40.0,40.0
700982378,operation risk,operation risk,0.071601786,0.08024023,0.07429725,0.77386075,0.0,0.0,0.0,0.0,0.0,0.0,0.0,0.0,-0.41305653700000006,2.0,5000.0,0.01
28115559,operation risk,operation risk,0.072117776,0.07302285,0.073076196,0.7817832,0.0,0.0,0.0,0.0,0.0,0.0,0.0,0.0,0.41145154100000003,3.0,2000.0,2000.0
147712098,operation risk,operation risk,0.07577623,0.075365186,0.07771594,0.7711426,0.0,0.0,0.0,0.0,0.0,0.0,0.0,0.0,0.0,0.0,0.0,0.01
876795652,operation risk,operation risk,0.07205444,0.07338771,0.07346129,0.7810966,0.0,0.0,0.0,0.0,0.0,0.0,0.0,0.0,-1.172743149,8.0,100.0,100.0
224662236,operation risk,others,0.23722744,0.26584786,0.24337387,0.25355083,0.0,0.0,0.0,0.0,0.0,0.0,0.0,0.0,-15132.33016,6.5,500.0,30.0
198740367,operation risk,operation risk,0.18698196,0.18677002,0.19185519,0.43439284,0.0,0.0,0.0,0.0,0.0,0.0,0.0,0.0,-1.210169228,2.0,85.0,0.01
829845602,loan risk,operation risk,0.19298393,0.19666328,0.19730857,0.41304424,0.0,0.0,0.0,0.0,0.0,0.0,0.0,0.0,-0.020272843000000002,115.0,5100.0,1600.0
249978608,loan risk,operation risk,0.32044828,0.17230679,0.1734869,0.33375806,0.0,0.0,0.0,0.0,0.0,0.0,0.0,0.0,0.0,0.0,10.0,10.0
203732566,operation risk,operation risk,0.30540276,0.15099275,0.15202689,0.3915776,0.0,0.0,0.0,0.0,0.0,0.0,0.0,0.0,0.0,0.0,770.0,770.0
1068496561,operation risk,legal risk,0.7430101,0.08086474,0.08141857,0.09470657,0.0,0.0,0.0,0.0,0.0,0.0,0.0,0.0,0.0,0.0,50.0,50.0
1173942093,operation risk,operation risk,0.07452106,0.07400113,0.074507944,0.77696985,0.0,0.0,0.0,0.0,0.0,0.0,0.0,0.0,0.0,0.0,100.0,100.0
1174536977,loan risk,loan risk,0.2406135,0.24583785,0.25914872,0.2543999,0.0,0.0,0.0,0.0,0.0,0.0,0.0,0.0,0.0,0.0,3.0,3.0
423005894,operation risk,operation risk,0.064130396,0.17326216,0.06741041,0.69519705,0.0,0.0,0.0,0.0,0.0,0.0,0.0,0.0,-1.819305366,0.0,1000.0,1000.0
88880631,operation risk,legal risk,0.7332999,0.08022767,0.08077715,0.10569526,0.0,0.0,0.0,0.0,0.0,0.0,0.0,0.0,0.0,0.0,100.0,100.0
1187165635,loan risk,others,0.069885544,0.72977865,0.08501977,0.11531599,0.0,0.0,0.0,0.0,0.0,0.0,0.0,0.0,-0.082846772,19.5,1200.0,1200.0
773620016,operation risk,operation risk,0.073934495,0.07609992,0.07647841,0.7734872,0.0,0.0,0.0,0.0,0.0,0.0,0.0,0.0,14692.7263,7.0,6200.0,5000.0
29767348,operation risk,operation risk,0.072919875,0.07266505,0.07316272,0.7812523,0.0,0.0,0.0,0.0,0.0,0.0,0.0,0.0,0.0,0.0,100.0,0.01
464489452,operation risk,operation risk,0.07229591,0.072118826,0.07261276,0.78297246,0.0,0.0,0.0,0.0,0.0,0.0,0.0,0.0,0.5004398879999999,2.0,3.0,3.0
810431967,operation risk,others,0.11245163,0.39610213,0.24376348,0.24768277,29.910328493768603,-5.33468960438024,35.1464792420975,-0.1517844665929011,-0.1783561021568736,-0.0076531430938201,-0.1517844665929011,-0.228908023945976,3.6160296169999997,3.0,1000.0,100.0
827852465,operation risk,operation risk,0.06385576,0.063548766,0.063984,0.80861145,0.0,0.0,0.0,0.0,0.0,0.0,0.0,0.0,0.0,0.0,10.0,10.0
1224360866,operation risk,operation risk,0.3977779,0.048093695,0.097207025,0.45692134,0.0,0.0,0.0,0.0,0.0,0.0,0.0,0.0,0.0,0.0,50.0,0.01
408031260,operation risk,operation risk,0.06436715,0.061562352,0.061983977,0.8120865,0.0,0.0,0.0,0.0,0.0,0.0,0.0,0.0,2.385782845,2.0,10.0,0.01
350902767,operation risk,operation risk,0.24761891,0.18081933,0.18747136,0.38409036,0.0,0.0,0.0,0.0,0.0,0.0,0.0,0.0,0.0,0.0,10000.0,10000.0
371360255,operation risk,operation risk,0.15581277,0.06906478,0.06953779,0.7055846,0.0,0.0,0.0,0.0,0.0,0.0,0.0,0.0,0.48603057299999997,2.0,20.0,20.0
803399659,operation risk,operation risk,0.0652826,0.10490224,0.14480841,0.6850068,0.0,0.0,0.0,0.0,0.0,0.0,0.0,0.0,0.668778628,2.0,30.0,30.0
462447349,operation risk,operation risk,0.19107023,0.08526752,0.08824489,0.63541734,0.0,0.0,0.0,0.0,0.0,0.0,0.0,0.0,0.0,0.0,0.0,0.01
470090013,operation risk,operation risk,0.072919875,0.07266505,0.07316272,0.7812523,0.0,0.0,0.0,0.0,0.0,0.0,0.0,0.0,0.0,0.0,300.0,0.01
812917663,others,operation risk,0.12481125,0.14352968,0.12998992,0.60166913,0.0,0.0,0.0,0.0,0.0,0.0,0.0,0.0,0.210374825,58.0,300.0,300.0
923259323,operation risk,operation risk,0.07575562,0.075490884,0.076007925,0.7727456,0.0,0.0,0.0,0.0,0.0,0.0,0.0,0.0,3.034485684,3.0,8000.0,0.01
1059635469,operation risk,operation risk,0.07327745,0.07264451,0.0746028,0.7794752,0.0,0.0,0.0,0.0,0.0,0.0,0.0,0.0,204647.7437,3.5,5000.0,0.01
507043244,operation risk,operation risk,0.07788729,0.06865643,0.069126666,0.7843296,8.92447173736263,-0.511462642171617,8.91165239095384,-0.0573925709547198,-0.0573101307532141,-0.1950104604821332,-0.0573925709547198,-1.7403653430628703,0.6192954589999999,2.0,10.0,0.01
931854045,operation risk,operation risk,0.07196703,0.07195518,0.07595332,0.7801244,0.0,0.0,0.0,0.0,0.0,0.0,0.0,0.0,0.917362654,3.0,1000.0,0.01
780416659,operation risk,operation risk,0.07300905,0.07265806,0.073155686,0.78117716,0.0,0.0,0.0,0.0,0.0,0.0,0.0,0.0,0.0,0.0,10.0,0.01
972756526,operation risk,operation risk,0.07556673,0.076161206,0.07773929,0.7705328,0.0,0.0,0.0,0.0,0.0,0.0,0.0,0.0,2.671384041,3.0,1000.0,0.01
619642009,operation risk,operation risk,0.11200791,0.13403389,0.10460366,0.6493545,0.0,0.0,0.0,0.0,0.0,0.0,0.0,0.0,0.0,0.0,0.0,0.01
746663171,operation risk,operation risk,0.07184161,0.07307513,0.077870466,0.7772128,0.0,0.0,0.0,0.0,0.0,0.0,0.0,0.0,0.208153963,3.0,2000.0,0.01
681902390,operation risk,operation risk,0.07086189,0.07038306,0.0708651,0.7878899,0.0,0.0,0.0,0.0,0.0,0.0,0.0,0.0,0.0,0.0,0.0,0.01
1231570966,operation risk,operation risk,0.07223216,0.07337327,0.076100364,0.7782942,-0.2477587358962749,0.0105698570488624,-0.8734100641625215,-0.0121018264874214,-0.04266189448628601,-5.656417052903283,-0.0121018264874214,1.4014267387294503,-0.17559819100000001,1.5,50.0,0.01
1052219378,operation risk,operation risk,0.07788583,0.07364963,0.07622133,0.77224314,0.0,0.0,0.0,0.0,0.0,0.0,0.0,0.0,0.0,0.0,5180.0,5180.0
1010536331,operation risk,operation risk,0.09037059,0.09026816,0.0908864,0.72847486,0.0,0.0,0.0,0.0,0.0,0.0,0.0,0.0,-2.179575905,6.0,500.0,500.0
332785190,operation risk,operation risk,0.12680712,0.21069339,0.056227367,0.60627216,0.0,0.0,0.0,0.0,0.0,0.0,0.0,0.0,5.6991940539999995,50.0,10.0,0.01
1164000197,operation risk,operation risk,0.07537462,0.07501227,0.07552601,0.77408713,0.0,0.0,0.0,0.0,0.0,0.0,0.0,0.0,-0.52732075,2.0,3.0,3.0
625761900,operation risk,operation risk,0.07202658,0.072930515,0.074272916,0.78077,0.0,0.0,0.0,0.0,0.0,0.0,0.0,0.0,-0.754353938,1.5,5000.0,0.01
226791803,operation risk,operation risk,0.14320324,0.14270602,0.14715725,0.56693345,0.0,0.0,0.0,0.0,0.0,0.0,0.0,0.0,0.0,0.0,10.0,10.0
1212162643,operation risk,legal risk,0.5660528,0.068439126,0.068907864,0.29660022,0.0,0.0,0.0,0.0,0.0,0.0,0.0,0.0,0.0,0.0,100.0,0.01
795779742,legal risk,legal risk,0.478118,0.0533829,0.053748507,0.41475058,0.0,0.0,0.0,0.0,0.0,0.0,0.0,0.0,0.0,0.0,3.0,3.0
1221225611,operation risk,operation risk,0.07600859,0.07177819,0.072938934,0.7792743,0.0,0.0,0.0,0.0,0.0,0.0,0.0,0.0,1.273578956,2.0,2000.0,2000.0
241254434,operation risk,operation risk,0.068893254,0.11404019,0.07023838,0.7468282,0.0,0.0,0.0,0.0,0.0,0.0,0.0,0.0,28487.014189999998,15.0,100.0,100.0
840241664,operation risk,operation risk,0.074505776,0.09525063,0.074509144,0.75573444,0.0,0.0,0.0,0.0,0.0,0.0,0.0,0.0,0.0,0.0,0.0,0.01
1031707379,operation risk,operation risk,0.13828906,0.0893801,0.087941326,0.68438953,0.0,0.0,0.0,0.0,0.0,0.0,0.0,0.0,-0.058877489000000005,10.0,0.0,0.01
940901518,operation risk,operation risk,0.073656455,0.0721471,0.079552166,0.77464426,0.0,0.0,0.0,0.0,0.0,0.0,0.0,0.0,0.0,0.0,500.0,0.01
423791386,legal risk,legal risk,0.74452263,0.07574935,0.07711341,0.10261462,0.0,0.0,0.0,0.0,0.0,0.0,0.0,0.0,0.0,0.0,11000.0,11000.0
705310922,loan risk,loan risk,0.0798017,0.07968166,0.7334256,0.10709103,0.0,0.0,0.0,0.0,0.0,0.0,0.0,0.0,-105.2387277,6.0,10000.0,10000.0
1085928169,operation risk,operation risk,0.07284905,0.0726706,0.07316831,0.781312,0.0,0.0,0.0,0.0,0.0,0.0,0.0,0.0,0.0,0.0,10.0,0.01
424007840,operation risk,operation risk,0.06413332,0.17292473,0.069120675,0.69382125,0.0,0.0,0.0,0.0,0.0,0.0,0.0,0.0,1.283373323,2.0,500.0,0.01
95541952,operation risk,operation risk,0.07519388,0.08738252,0.07519729,0.7622263,0.0,0.0,0.0,0.0,0.0,0.0,0.0,0.0,0.0,0.0,0.0,0.01
640634768,operation risk,operation risk,0.072117776,0.07302285,0.073076196,0.7817832,0.0,0.0,0.0,0.0,0.0,0.0,0.0,0.0,1.4327643069999998,2.0,1000.0,1000.0
212531966,loan risk,loan risk,0.07357591,0.07497867,0.7758032,0.07564224,0.0,0.0,0.0,0.0,0.0,0.0,0.0,0.0,-5.1311385519999995,25.5,5000.0,0.01
191956142,others,others,0.19944271,0.32739517,0.19745708,0.27570507,0.0,0.0,0.0,0.0,0.0,0.0,0.0,0.0,0.052988953,22.5,450.0,450.0
103568085,operation risk,operation risk,0.37497175,0.050524365,0.050870396,0.5236335,0.0,0.0,0.0,0.0,0.0,0.0,0.0,0.0,0.0,0.0,3.0,0.01
1224174911,operation risk,operation risk,0.0671333,0.068592854,0.1382586,0.7260152,0.0,0.0,0.0,0.0,0.0,0.0,0.0,0.0,4.954101725,10.5,5000.0,0.01
1076423594,operation risk,legal risk,0.6575652,0.079503514,0.08004803,0.18288328,0.0,0.0,0.0,0.0,0.0,0.0,0.0,0.0,0.0,0.0,116.0,0.01
477609768,operation risk,operation risk,0.06745263,0.2558438,0.06745569,0.6092479,0.0,0.0,0.0,0.0,0.0,0.0,0.0,0.0,0.0,0.0,0.0,0.01
542928036,operation risk,operation risk,0.07568423,0.07179471,0.07228642,0.7802347,999.5712797852209,1.19896537024369,999.6516987004429,0.0011993831169419,0.0011994796114003,0.0017788131448081,0.0011993831169419,1.77805053165461,0.08689592900000001,2.0,1000.0,0.01
1148827754,operation risk,operation risk,0.0723861,0.07311749,0.07439484,0.7801016,0.0,0.0,0.0,0.0,0.0,0.0,0.0,0.0,-0.590659655,2.0,1000.0,1000.0
881936138,operation risk,operation risk,0.07399041,0.07540108,0.07653625,0.7740723,0.0,0.0,0.0,0.0,0.0,0.0,0.0,0.0,-411100.8977,9.0,5000.0,5000.0
788253802,operation risk,operation risk,0.111234605,0.06961106,0.07073675,0.7484176,0.0,0.0,0.0,0.0,0.0,0.0,0.0,0.0,0.0,0.0,3.0,0.01
907519372,legal risk,legal risk,0.75534606,0.080547884,0.08109954,0.08300657,0.0,0.0,0.0,0.0,0.0,0.0,0.0,0.0,-1.004920477,3.0,1000.0,300.0
729451269,operation risk,operation risk,0.07511217,0.07183915,0.07233116,0.78071755,0.0,0.0,0.0,0.0,0.0,0.0,0.0,0.0,0.06449399900000001,3.0,50.0,0.01
225291331,operation risk,operation risk,0.072284274,0.073504955,0.07499407,0.77921677,428210.09673353704,359300.22347647,68911.3310705897,5.213949838066816,0.8390746183176814,-0.0021473325909557,5.213949838066816,-919.5094964922198,-9110318.951,12.0,10869.08,10869.08
256615940,operation risk,operation risk,0.16409919,0.13056101,0.13267232,0.5726675,0.0,0.0,0.0,0.0,0.0,0.0,0.0,0.0,0.08295711,2.0,300.0,0.01
953672999,operation risk,operation risk,0.075479984,0.066952124,0.11398485,0.743583,10.345091486461396,-0.3699702511470589,9.21307042986145,-0.0401571065763167,-0.0357628786203813,-0.0138501649716011,-0.0401571065763167,-0.1432812237337969,0.0,0.0,10.0,10.0
266150579,operation risk,operation risk,0.07300905,0.07265806,0.073155686,0.78117716,0.0,0.0,0.0,0.0,0.0,0.0,0.0,0.0,0.0,0.0,50.0,0.01
1005484133,operation risk,operation risk,0.072919875,0.07266505,0.07316272,0.7812523,0.0,0.0,0.0,0.0,0.0,0.0,0.0,0.0,0.0,0.0,500.0,0.01
188029906,operation risk,operation risk,0.072192274,0.07211046,0.072815716,0.78288156,26660.534884280503,13988.86981482987,4473.692671804315,3.1269179268829665,0.5247032692910427,-0.0241775502838606,3.1269179268829665,-644.5864227593123,-1.3606262530000002,1.5,5000.0,5000.0
570449426,operation risk,operation risk,0.07380535,0.07498976,0.07676935,0.7744355,0.0,0.0,0.0,0.0,0.0,0.0,0.0,0.0,-2768.64723,2.0,500.0,0.01
889215358,operation risk,operation risk,0.07229591,0.072118826,0.07261276,0.78297246,0.0,0.0,0.0,0.0,0.0,0.0,0.0,0.0,-0.043963295,1.0,3.0,3.0
1204162873,operation risk,operation risk,0.09760904,0.12495323,0.10482722,0.67261046,0.0,0.0,0.0,0.0,0.0,0.0,0.0,0.0,0.0,0.0,0.0,0.01
211469713,operation risk,legal risk,0.37993383,0.136676,0.1388862,0.34450397,0.0,0.0,0.0,0.0,0.0,0.0,0.0,0.0,0.0,0.0,1000.0,1000.0
930469767,operation risk,operation risk,0.07585166,0.073512614,0.07401609,0.7766196,0.0,0.0,0.0,0.0,0.0,0.0,0.0,0.0,0.719546082,2.0,35000.0,0.01
469686965,operation risk,operation risk,0.100476235,0.099797286,0.10048079,0.6992457,0.0,0.0,0.0,0.0,0.0,0.0,0.0,0.0,0.15345056199999998,1.0,0.0,0.01
663498072,operation risk,others,0.047197573,0.48872894,0.047354765,0.41671875,0.0,0.0,0.0,0.0,0.0,0.0,0.0,0.0,0.0,0.0,500.0,500.0
652250551,operation risk,operation risk,0.21637882,0.071387775,0.0718767,0.6403567,-0.3400951461268375,-0.509945362055518,-1.032294186775055,0.4939922830027901,1.4994197002309917,-2.0063894592498492,0.4939922830027901,0.6823633163309238,0.0,0.0,50.0,0.01
1134988699,operation risk,others,0.1985625,0.3381144,0.20480113,0.25852188,11681.3736110427,11682.1675079637,-1500.1380682905801,-7.787394877109965,1.0000679626341418,-0.2022395400319384,-7.787394877109965,-2362.4356260385002,11125316.3,7.0,3070.0,3070.0
856331759,operation risk,operation risk,0.0738311,0.07739198,0.07637145,0.7724055,0.0,0.0,0.0,0.0,0.0,0.0,0.0,0.0,712267.0511,2.0,1000.0,500.0
799080938,operation risk,others,0.06558972,0.54416513,0.06797327,0.3222719,0.0,0.0,0.0,0.0,0.0,0.0,0.0,0.0,0.013798313999999999,229.0,1050.0,1050.0
225802790,operation risk,operation risk,0.1817194,0.18108438,0.19541444,0.4417818,0.0,0.0,0.0,0.0,0.0,0.0,0.0,0.0,-0.556155759,2.0,100.0,100.0
705054375,operation risk,operation risk,0.072919875,0.07266505,0.07316272,0.7812523,0.0,0.0,0.0,0.0,0.0,0.0,0.0,0.0,0.0,0.0,5000.0,0.01
793828820,operation risk,operation risk,0.07575562,0.075490884,0.076007925,0.7727456,0.0,0.0,0.0,0.0,0.0,0.0,0.0,0.0,0.024435823,2.0,500.0,0.01
390647688,operation risk,operation risk,0.101316445,0.100964665,0.119239,0.6784799,0.0,0.0,0.0,0.0,0.0,0.0,0.0,0.0,0.0,0.0,10.0,10.0
999053299,operation risk,operation risk,0.22526959,0.2459964,0.23371454,0.2950195,39559.505806021,40884.6299158054,-1298.09330186444,-31.49591008372293,1.0334969834123338,-0.0356425346167129,-31.49591008372293,-1410.0010551111607,-1651732.997,13.0,1000.0,1000.0
635603736,operation risk,operation risk,0.061921023,0.23440799,0.0729661,0.6307049,0.0,0.0,0.0,0.0,0.0,0.0,0.0,0.0,1306039.102,7.5,0.0,0.01
8821659,operation risk,operation risk,0.14784311,0.14748095,0.14849102,0.55618495,0.0,0.0,0.0,0.0,0.0,0.0,0.0,0.0,0.0,0.0,50.0,50.0
967715091,operation risk,operation risk,0.10688899,0.106974795,0.13828821,0.647848,0.0,0.0,0.0,0.0,0.0,0.0,0.0,0.0,0.0,0.0,0.0,0.01
211101804,operation risk,others,0.12605289,0.4054278,0.14116174,0.32735762,0.0,0.0,0.0,0.0,0.0,0.0,0.0,0.0,0.0,0.0,110.0,110.0
1066984012,operation risk,legal risk,0.6575652,0.079503514,0.08004803,0.18288328,0.0,0.0,0.0,0.0,0.0,0.0,0.0,0.0,0.0,0.0,100.0,0.01
827697277,operation risk,operation risk,0.3436504,0.046468973,0.04678724,0.56309336,0.0,0.0,0.0,0.0,0.0,0.0,0.0,0.0,0.0,0.0,20.0,0.01
981755116,operation risk,operation risk,0.072919875,0.07266505,0.07316272,0.7812523,0.0,0.0,0.0,0.0,0.0,0.0,0.0,0.0,0.0,0.0,300.0,0.01
138410002,operation risk,operation risk,0.07216764,0.0721288,0.0726228,0.7830807,0.0,0.0,0.0,0.0,0.0,0.0,0.0,0.0,0.445196045,3.0,0.0,0.01
251810305,operation risk,operation risk,0.09431154,0.09410806,0.19059971,0.6209807,0.0,0.0,0.0,0.0,0.0,0.0,0.0,0.0,0.0,0.0,100.0,100.0
1088282626,operation risk,operation risk,0.08329286,0.07926482,0.081422955,0.75601935,0.0,0.0,0.0,0.0,0.0,0.0,0.0,0.0,0.174234563,2.0,2000.0,0.01
371713118,loan risk,loan risk,0.06823896,0.13444886,0.7210924,0.07621975,0.0,0.0,0.0,0.0,0.0,0.0,0.0,0.0,-7.684888716000001,20.0,11100.0,11100.0
